text,label,lang,category,scam_type
"नमस्ते पिताजी, मेरा नंबर बदल गया है। मुझे ₹4,500.00 की तुरंत ज़रूरत है, मेरे खाते में कुछ समस्या है। कृपया Paytm पर भेजें: 9123456789. - राहुल",1,hi,scam,impersonation
"Maa, mera phone water mein gir gaya hai. Mujhe Rs.3000 urgent chahiye new phone lene ke liye. Paytm number: 91xxxxxxxx",1,hgl,scam,impersonation
"Congratulations! Aapko Jio ke ₹9,999 ka gift voucher mila hai. Claim karne ke liye: jio-giftvoucher.top/claim-voucher. Offer limited hai!",1,hgl,scam,phishing_generic
Aadhaar: OTP for DigiLocker access is 975310. Do not share with anyone. Visit digilocker.gov.in for verification. Yeh message government dwara bheja gaya hai.,0,hgl,otp,
Congratulations Rohan! Cashback of Rs.599 approved on your Amazon a/c. Enter UPI PIN to receive: amazon-rewards.club,1,en,scam,refund_cashback
Alert! Your HDFC Bank credit card is locked due to a failed security check. Verify your details: hdfc-verify.top,1,en,scam,phishing_generic
"प्रिय रमेश, आपका ₹750 का Amazon ऑर्डर सफलतापूर्वक प्रोसेस हो गया है। ऑर्डर ID: AMZ12345। यदि यह आपने नहीं किया, तो तुरंत इस नंबर पर कॉल करें: 9876543210",1,hi,scam,upi_fraud
Important: Your Punjab National Bank account needs immediate KYC update. Failure will lead to account suspension. Verify now: pnb-kyc-online.xyz,1,en,scam,kyc_fraud
"Canara Bank: a/c XX2266 mein Rs.15,000 credit hue. Balance Rs.18,014.",0,hgl,banking,
UIDAI: Aadhaar update request (Name change) submitted successfully with Ref No: 1234567890. Visit uidai.gov.in for status.,0,en,govt,
एक्सिस बैंक: आपका खाता आज रात ब्लॉक हो जाएगा। केवाईसी पूरी करने के लिए 6436207262 पर कॉल करें या bit.ly/ch9u1d पर जाएँ।,1,hi,scam,kyc_fraud
"Dear Rajesh, aapke SBI card par Rs. 2,500 cashback approve ho gaya hai. Claim karne ke liye yaha click karein: sbi-rewards.xyz/claim",1,hgl,scam,refund_cashback
Airtel: Mega sale! 60% tak ki chhoot. Abhi kharidein: airtel.in/sale. T&C lagu.,0,hgl,promo,
Amazon: Your order #DLV769265 is out for delivery today. Track: amazon.in/track/dlv769265,0,en,delivery,
"नमस्ते सुरेश, आपके SBI खाते में ₹5,000 जमा किए गए हैं। कृपया इस लेनदेन की पुष्टि करने के लिए OTP दर्ज करें: 123456। यह जानकारी गोपनीय रखें।",0,hi,otp,
"Alert! Aapke Paytm Wallet se ₹6,000 ka payment fail ho gaya. Problem solve karne ke liye yahan click karein: paytm-resolve.top",1,hgl,scam,upi_fraud
"MTNL: Dear Anjali, aapke landline bill ₹750 due hai. Online pay karein: mtnl.co.in/billpay",0,hgl,bill_utility,
"नमस्ते, आपका एचडीएफसी बैंक खाता अपडेट करने की आवश्यकता है। केवाईसी पूरा करने के लिए कृपया इस लिंक पर जाएं: hdfc-rewards.top। अंतिम तिथि: 24 घंटे।",1,hi,scam,kyc_fraud
Zomato: Enjoy 40% off on your next order! Use code ZOM40 at checkout. Valid for orders above ₹300. https://zomato.com/offers,0,en,promo,
नमस्ते! आपके नाम पर भेजा गया पार्सल अभी रोक दिया गया है। ₹220 का शुल्क जमा करने के लिए https://ecom-express.top/verify पर जाएं। आपका संदर्भ संख्या: EC123456,1,hi,scam,fake_delivery
डिजी लॉकर: आपके दस्तावेज़ अब सुरक्षित रूप से अपलोड किए गए हैं। अधिक जानकारी के लिए digilocker.gov.in पर लॉग इन करें।,0,hi,govt,
"Dear Ravi, ICICI Bank se. Aapke a/c se ek Rs. 2,999 ka investment opportunity miss ho raha hai! Jaldi karein: icici-invest.top/claim",1,hgl,scam,investment_scam
"Dear Meena, invest Rs.350 in our crypto/stock group and earn 20% weekly returns. Join VIP: jobs-india-refund.site",1,en,scam,investment_scam
Aapka Amazon order #IN1234567890123 has been dispatched! Estimated delivery: 2-3 days. Track here: amazon.in/track/123xyz,0,hgl,delivery,
TRAI: Your mobile number is linked to illegal activity in Kolkata. Your Aadhaar details are under investigation. Contact SP Singh at 033-44556677 immediately for clarification. Ref: TRAI-7890,1,en,scam,digital_arrest
Myntra: Shipment TXN734677 shipped. Expected delivery 10/10/2026. Track at myntra.com/track/txn734677,0,en,delivery,
Your SBI e-KYC is incomplete! Update now to avoid account block: sbi-kycverify.xyz/update . OTP: 987654,1,en,scam,upi_fraud
CBI notice: आपके नाम पर एक case दर्ज है। Arrest से बचने के लिए 8053624159 पर call करें।,1,mix,scam,digital_arrest
CBI notice: your Aadhaar is linked to a money laundering case. Verify at cutt.ly/qoon63 within 24 hrs or face arrest.,1,en,scam,digital_arrest
"Alert: Rs.5,500 debited from your a/c via UPI. If not you, report at govt-notice-rewards.icu",1,en,scam,upi_fraud
"Kya aapke HDFC bank account se ₹4,500.00 ka transaction approve hua? Agar nahi, toh is link par jaakar verify karein: hdfc-verify.top. Ref ID: XYZ123",1,hgl,scam,kyc_fraud
नमस्ते कविता! Paytm पर ₹500.00 का भुगतान करने के लिए आपका OTP है 876543. इसे किसी के साथ साझा न करें।,0,hi,otp,
"Dear Meena ji, aapke a/c mein ₹1,200 ka refund process ho raha hai. Details ke liye: paytm-refunds.site",1,hgl,scam,upi_fraud
"प्रिय रीना, HDFC बैंक क्रेडिट कार्ड पर ₹3,000 का रिवार्ड पॉइंट अर्जित करें। ऑफर 30 जून तक वैध। अधिक जानकारी के लिए: hdfcbank.co.in/rewards",0,hi,promo,
"प्रिय सीमा, पेटीएम से आपका ₹100 का कूपन कोड: LUCKY100। आज ही इस्तेमाल करें और बचत करें! टर्म्स एंड कंडीशन अप्लाई।",0,hi,promo,
Aapke naam ka parcel Delhi mein ruka hai. Delivery ke liye Rs.499 pay karein: claim-prize-update.info,1,hgl,scam,fake_delivery
"Flipkart: Hi Sanjay, exciting offers on mobile phones! Get up to Rs.3,000 off on select models. Explore now: flipkart.com/mobiles. Limited time offer!",0,en,promo,
Bluedart: Your package (AWB No. 12345678) is in transit and expected to reach you on 15/03/2024. Track it: bluedart.com/tracking,0,en,delivery,
Congratulations! Aapko 'Amazon Task' ke liye select kiya gaya hai. Har task par ₹80 earn karein! Join Telegram: amzn-tasks.xyz.,1,hgl,scam,job_scam
Alert! Aapke Bank of Baroda a/c mein suspicious activity hui hai. KYC update ke liye: bob-kycverify.online. Immediate action len!,1,hgl,scam,kyc_fraud
"Sir, I sent Rs.350 to your UPI ID by mistake. Please return to 033-74887810. Sorry for the trouble.",1,en,scam,upi_fraud
"नमस्ते रेखा, Google खाते में लॉगिन करने के लिए OTP 246813 है। यह OTP केवल 30 सेकंड के लिए मान्य है।",0,hi,otp,
"Sir, aapke Paytm wallet mein ₹2,000 add ho gaye hain. Verification ke liye: paytm-verify.xyz/wallet",1,hgl,scam,upi_fraud
"Aapke a/c mein Rs.1,999 credit hue. Verify karne ke liye: https://quickloan-kyc.net",1,hgl,scam,upi_fraud
Zomato: Your OTP is 729529. किसी के साथ share न करें।,0,mix,otp,
"Hey Rohan, the plumber, Vijay, says he's running 30 mins late due to traffic. He'll be there around 4:30 PM.",0,en,personal,
"प्रिय श्यामा जी, आपको वीवो सुपर लकी ड्रा में ₹12,00,000 का शानदार पुरस्कार मिला है। विमोचन के लिए, कृपया [https://vivo-lucky.top] पर ₹1,500 का प्रसंस्करण शुल्क भुगतान करें।",1,hi,scam,lottery_prize
"प्रिय ग्राहक, आपके गैस बिल का भुगतान नहीं किया गया है। आज रात कनेक्शन काट दिया जाएगा। तत्काल सहायता के लिए 8765432109 पर कॉल करें।",1,hi,scam,utility_scam
"Congratulations Mr. Suresh! Win Rs.22,00,000 in the Indian Oil Lucky Draw! Pay Rs.3,000 processing fee to a/c 4455667788, SBI, IFSC: SBIN0000001. Visit sbi-kycverify.xyz",1,en,scam,lottery_prize
Union Bank: आपका KYC pending है। 24 hrs में verify करें unionbank-update.online वरना a/c band।,1,mix,scam,kyc_fraud
"प्रिय सुरेश जी, आपका DTDC पार्सल डिलीवरी के लिए रुका हुआ है। कृपया ₹299 का भुगतान करें: dtdc-delivery.top/update।",1,hi,scam,fake_delivery
"प्रिय रवि जी, आपको ₹22,00,000 का लकी ड्रा पुरस्कार मिला है। सत्यापन के लिए, कृपया अपने पैन कार्ड की स्कैन की हुई कॉपी [scamlink.xyz] पर भेजें।",1,hi,scam,lottery_prize
"आईसीआईसीआई बैंक: आपके खाते XX8738 से ₹3,500 डेबिट हुए। संदर्भ FK314172। यदि आपने नहीं किया तो 1800-445-8016 पर कॉल करें।",0,hi,banking,
"Dear Arun, aapke HDFC a/c mein Rs. 2,999 refund credit ho gaya hai. Verify karne ke liye: hdfc-rewards.top/verify?ref=MNO901",1,hgl,scam,refund_cashback
"Namaste Rajesh ji, apko bataane me khushi hogi ki humare paas ek bahut hi achha investment opportunity hai. ₹5,000 se shuru karein aur mahine mein 20% return kamayein. Join karein: investnow.xyz/rajesh",1,hgl,scam,investment_scam
Flipkart: लेनदेन सत्यापित करने के लिए OTP 391548 दर्ज करें। इसे गोपनीय रखें।,0,hi,otp,
We have your private video. Pay Rs.799 to a/c 024396851776 or we will send it to your contacts. Call 033-86649989.,1,en,scam,sextortion_threat
LIC: आपके पॉलिसी अपडेट के लिए OTP 428915 है। कृपया तुरंत दर्ज करें। अपने OTP को गुप्त रखें।,0,hi,otp,
"MSEDCL: Ravi, आपका bill ₹3,500 17/11/2026 तक due है। Pay: mahadiscom.in/pay",0,mix,bill_utility,
"Aapke Paytm a/c mein ₹4,999.00 deposit hua hai. Verify karne ke liye: paytm-verify.xyz/claim-reward. Jaldi karein!",1,hgl,scam,upi_fraud
Snapdeal se aapka order #SN123456789 ship ho gaya hai. Delivery 3-5 days mein hoga. Tracking link: https://snapdeal.com/track,0,hgl,delivery,
"Namaste Rajesh ji, humara company 'FutureTech Solutions' aapko home se kaam karne ka chance de rahi hai. Daily ₹800-₹1500 earn karein. Details ke liye WhatsApp join karein: bit.ly/work4u-now",1,hgl,scam,job_scam
URGENT: Your Axis Bank a/c XX1234 is blocked due to KYC non-compliance. Reactivate by calling 9123456789 immediately!,1,en,scam,kyc_fraud
"Hey Mohan, I'm running late for the movie. Meet you directly inside the theatre. I've already booked the tickets.",0,en,personal,
"Dear Rajesh Kumar, aapke SBI a/c se ₹1,234.56 Amazon.in par payment kiya gaya. Agar koi galat transaction hai toh 1800-123-4567 par call karein.",0,hgl,banking,
"Dear Rajesh, ICICI Bank ke exclusive fixed deposit mein invest karein aur 9% interest rate paayein! Limited time offer. Apply here: icici-fd.xyz",1,hgl,scam,investment_scam
"Aapka video internet par viral hone se bachana hai? ₹8,999 pay karein aur isko rok den. Abhi pay karein: sbi-kycverify.xyz/paynow?ref=XYZ123",1,hgl,scam,sextortion_threat
"Congrats! You've won a Bajaj Finserv prize of ₹10,000. To unlock, verify your details here: bajaj-verify.top/prize. Urgent!",1,en,scam,lottery_prize
Google Pay: बड़ी सेल! 80% तक की छूट। अभी खरीदें: pay.google.com/sale। शर्तें लागू।,0,hi,promo,
"Dear Sanjay, Your Paytm wallet requires immediate KYC update. Failure to do so will result in account freeze. Update here: paytm-verify.xyz. Urgent!",1,en,scam,phishing_generic
"महत्वपूर्ण सूचना: आपके नाम पर एक डिजिटल अपराध दर्ज किया गया है। कृपया तुरंत सीबीआई के साइबर सेल से संपर्क करें: cb-investigation.xyz या तुरंत गिरफ्तारी से बचने के लिए ₹8,500 का जुर्माना भरें। संदर्भ संख्या: DL7492",1,hi,scam,digital_arrest
Myntra: aapka OTP 574451 hai. Ise kisi ke saath share na karein. 10 minute mein expire hoga.,0,hgl,otp,
"Dear Amit, aapke liye khush khabri! Aap Rs. 15,00,000 jeet gaye hain. Prize collect karne ke liye Rs. 6,500 deposit karein a/c no. 9876543210.",1,hgl,scam,lottery_prize
"नमस्ते सुरेश जी, आपके खाते में ₹2,200 जमा हुए हैं, कृपया पुष्टि करने के लिए linkshort.xyz पर क्लिक करें।",1,hi,scam,upi_fraud
ब्लू डार्ट: आपका शिपमेंट (AWB: 4567890123) आपके पते पर पहुंचने वाला है। डिलीवरी के लिए कृपया तैयार रहें।,0,hi,delivery,
"ICICI Bank: Aapke a/c XX2345 me ₹5,000.00 credit kiya gaya. Current balance ₹18,765.43. Any query? Call 9876543210.",0,hgl,banking,
"Dear Priya, your loan repayment is overdue. Pay ₹2,999 immediately to avoid penalty & legal action. Visit hdfc-quickpay.top to clear dues.",1,en,scam,loan_app
"Jaipur customs se bol rahe hain, aapke naam ke parcel mein illegal saamaan mila hai. Arrest se bachne ke liye 7128198028 par call karein.",1,hgl,scam,digital_arrest
"सीमा, आपका ₹350 का loan approve हुआ है। App install करें: earnmoney-verify.cc",1,mix,scam,loan_app
"प्रिय मनोज जी, आपके एचडीएफसी बैंक खाते की केवाईसी अधूरी है। तुरंत अपडेट करें: hdfc-secure.vip/verify अन्यथा खाता बंद कर दिया जाएगा।",1,hi,scam,kyc_fraud
"प्रिय अमित जी, घर बैठे काम करें और रोज़ ₹499 कमाएँ। टेलीग्राम ग्रुप जॉइन करें: t.me/taskpay61",1,hi,scam,job_scam
"Jio Fiber alert! Mr. Sharma, your broadband bill of Rs. 999 is due. Avoid service interruption, pay by 16/08/24. Pay now: jio.com/bill.",0,en,bill_utility,
"Airtel Payments Bank: Congratulations, Neha! ₹100 cashback milega jab aap ₹500+ ka bill pay karenge. Offer valid till 15 Dec. T&C apply.",0,hgl,promo,
आपकी लोन किस्त बकाया है। तुरंत ₹799 भरें अन्यथा कानूनी कार्रवाई होगी: govt-notice-portal.online,1,hi,scam,loan_app
"Jio: Neha, aapka bill Rs.599 10/11/2026 tak due hai. jio.com/pay par pay karein.",0,hgl,bill_utility,
"आईसीआईसीआई बैंक: आपके खाते XX9623 से ₹12,000 डेबिट हुए। संदर्भ TXN610121। यदि आपने नहीं किया तो 1800-241-6774 पर कॉल करें।",0,hi,banking,
"Congratulations Meena! You won ₹45,000 in Reliance Jio lottery! Claim your prize by installing app: jio-prizeclaim.top immediately.",1,mix,scam,apk_malware
"URGENT: CBI se notice. Aapke naam se Kolkata mein ek parcel pakda gaya hai jisme illegal goods hain. ₹7,500 fine bharo ya arrest ho jaiye. Link: custom-verify.net",1,hgl,scam,digital_arrest
"Dear Mr. Sharma, good news! You are the lucky winner of a Tata Motors prize of Rs. 18,50,000. Pay Rs. 8,499 for documentation. Transfer to SBI a/c 9876123456, IFSC SBIN0000001. Visit: tata-prizeclaim.net.",1,en,scam,lottery_prize
"Beta, apne room ka rent ₹5,000 send kar dena. Wifi bill bhi dena hai. – Mom",0,mix,personal,
URGENT! A case is registered against Anita Singh in Chennai for online fraud. Your Aadhaar details were found on a compromised website. Verify immediately at axis-security.top or face arrest. Ref ID: CHN789.,1,en,scam,digital_arrest
"Hi Ravi, are we still on for dinner tomorrow at 8? Let me know.",0,en,personal,
Myntra: Aapka order #5678901234 processing ke antargat hai. Delivery 2-4 business days mein hoga. Update ke liye check kare: myntra.com/orderstatus,0,hgl,delivery,
Jio: बड़ी सेल! 80% तक की छूट। अभी खरीदें: jio.com/sale। शर्तें लागू।,0,hi,promo,
"OTP for your LoanCircle approval: 123456. Verify now to unlock ₹40,000. Important: Do not share this OTP!",1,en,scam,loan_app
Delhivery: Aapka consignment no. DLV123456789 has been scheduled for delivery today between 2 PM - 5 PM.  https://www.delhivery.com/track/DLV123456789,0,hgl,delivery,
"Indane Gas: गीता, आपका bill ₹499 02/12/2026 तक due है। Pay: indane.co.in/pay",0,mix,bill_utility,
"बधाई हो! आपने 'खुशी का उपहार' प्रतियोगिता में ₹18,00,000 जीता है। दावा करने के लिए, अपने खाते के अंतिम 4 अंक 9876543210 पर भेजें।",1,hi,scam,lottery_prize
"नमस्ते सुरेश, आपके खाते से ₹1,200 का भुगतान किया गया है। यदि आपने यह भुगतान नहीं किया है, तो कृपया यहां विवाद करें: bank-dispute.xyz।",1,hi,scam,phishing_generic
"Good morning, Sushma! Aaj evening ko ghar pe dinner aana, specially tere liye chicken curry banayungi! 🥰",0,hgl,personal,
"Airtel DTH: Hi Anita, your account needs a quick recharge of ₹350 to continue enjoying uninterrupted services. Recharge now: airtel.in/recharge",0,en,bill_utility,
PhonePe: बड़ी सेल! 70% तक की छूट। अभी खरीदें: phonepe.com/sale। शर्तें लागू।,0,hi,promo,
India Post: aapka parcel DLV768030 dispatch ho gaya hai. Delivery 08/12/2026 tak. Track: indiapost.gov.in/track/dlv768030,0,hgl,delivery,
"Ramesh Ji, Rs.7,899 ka loan mil gaya hai. App download karne ke liye: credit-loan.xyz. Abhi download karo!",1,hgl,scam,loan_app
आपका ₹599 का भुगतान विफल रहा। पुनः प्रयास करें: parcel-verify.info/verify,1,hi,scam,upi_fraud
"Dear Mr. Sharma, your SBI account is blocked due to suspicious activity. Verify details here: sbi-kycverify.xyz. OTP: 789456. Call 91-8000000000 for support.",1,mix,scam,impersonation
"नमस्ते सीमा जी, आपके खाते में ₹4,500 का रिफंड जमा किया गया है। अधिक जानकारी के लिए https://icici-refunds.xyz पर जाएं।",1,hi,scam,upi_fraud
"Dear Seema, aapke Punjab National Bank a/c XX7890 me KYC incomplete hai. Update karne ke liye: pnb-kycverify.xyz/update-kyc. -PNB Team",1,hgl,scam,kyc_fraud
"Namaste Rajesh ji, by mistake maine aapke UPI ID par Rs.2,999.00 transfer kar diye hain. Please return karein. Dhanyavad.",1,hgl,scam,upi_fraud
"प्रिय सुरेश, आपके खाते में ₹1,200 क्रेडिट किया गया है - 'Amazon Sale'। विस्तृत जानकारी के लिए: amzn-offer.xyz/verify",1,hi,scam,upi_fraud
"Hey Rohan, aaj raat ko party mein aao, bahut maza ayega! Venue: The Brew Master, Gurgaon.",0,hgl,personal,
"Dear Suresh, aapka Citibank Credit Card bill ₹8,500.00 hai. Due date 15 May. Online payment ke liye https://citibank.co.in/pay visit karein.",0,hgl,banking,
"Mr. Sharma, you are a winner! Rs.18,00,000 KBC prize is waiting. Pay Rs.650 for account verification to a/c XX7890. Claim at: kbcprizeclaim.xyz now!",1,en,scam,lottery_prize
Flipkart: Your order is being processed and will be shipped soon. Expected delivery: 2-3 days. Order ID: 123456789. Track: flipkart.com/orders,0,en,delivery,
"Axis Bank: Dear Suresh, aapke account se ₹8,500.00 ka NEFT transfer successful raha. Ref No: UVW789.",0,hgl,banking,
"Jio alert! Aapka ₹199 plan 25 Feb ko renew hoga. Agar aapko plan badalna hai, to yaha click karein: jio.com/renew",0,hgl,bill_utility,
URGENT! Your Paytm wallet needs KYC update. Failure to do so will result in account suspension. Update now: paytm-kycupdate.top Ref ID: PX789,1,en,scam,phishing_generic
"Dear Ramesh, HDFC bank se. A/c XX5678 ko upgrade karne ke liye invest karein aur ₹3,000 bonus paein. Link: hdfc-rewards.top/upgrade . Limited time offer!",1,mix,scam,investment_scam
"नमस्ते अशोक जी, अमेज़न पर प्रोडक्ट को प्रमोट करें और ₹500 प्रति दिन कमाएं! अधिक जानकारी के लिए व्हाट्सएप पर मैसेज करें: 9911223344",1,hi,scam,job_scam
"एचडीएफसी बैंक: खाते XX3325 में ₹199 जमा हुए। उपलब्ध शेष ₹26,143।",0,hi,banking,
"Flipkart: Hi Rajesh, your order worth ₹899 is confirmed & will be delivered by EKART today. Check details: https://flipkart.com/ordr/abc123def",0,en,delivery,
"सुरेश, Work from home job! रोज़ ₹2,999 कमाएँ। Telegram join करें: t.me/taskpay39",1,mix,scam,job_scam
"प्रिय अंजली जी, 'स्मार्ट टास्क' टीम में आपका स्वागत है! आसान काम करके ₹2,800 प्रति सप्ताह कमाएं। डिटेल्स के लिए मैसेज करें।",1,hi,scam,job_scam
"URGENT: Court summons for Lakshmi Nair, Hyderabad. Failure to appear will result in arrest warrant. Pay fine of ₹4,500 at court-fines.info. Ref: HYD/2024/456",1,mix,scam,digital_arrest
"A/c 87654321 ne ₹12,500.00 Amazon.in se khareeda. Ref No: XYZ1234. Agar aapne nahi kiya toh banking helpline mein sampark karein.",0,hgl,banking,
"Dear Rajesh, your Amazon order (ID: AMZ789) could not be delivered. Update your address at amazon-deliveryupdate.top to reschedule. Or it will be returned.",1,en,scam,impersonation
"BESCOM Alert: Dear Ravi, your electricity bill of ₹2,999 is overdue. Pay immediately to prevent disconnection. Pay at bescom.co.in. Ref: URN12345678",0,en,bill_utility,
"SBI alert: Rs. 15,000 aapke a/c XX7890 se Rahul Gupta ko IMPS ke zariye transfer kiye gaye. Ref No: SBI987654321",0,hgl,banking,
"Alert! Parcel to Smita Patel, Hyderabad, contains undeclared items. Aadhaar used for delivery. Confirm at parcel-tracking.xyz or face detention.",1,en,scam,digital_arrest
Gas connection will be disconnected today due to pending dues. Contact 011-79785575.,1,en,scam,utility_scam
"Hlo, aapne Flipkart se ek item order kiya tha. Payment fail hogaya. Rs. 2,999.00 pay karne ke liye: flipkart-payment.info",1,hgl,scam,upi_fraud
"Congratulation! Mr. Rajesh Sharma, you won ₹25,00,000 in KBC lottery. Claim a/c no. XX5678 and processing fee ₹4,999 via https://kbc-claim.top now!",1,mix,scam,lottery_prize
Your SIM will be blocked in 2 hrs. Update Aadhaar at claim-prize-kycverify.cc to continue service.,1,en,scam,other_scam
"Sir, मैं आपका कर्मचारी विकास हूँ। हमारे प्रोजेक्ट के लिए तत्काल ₹4,500.00 की आवश्यकता है। कृपया दिए गए खाते में भेजें: a/c 1234567890, IFSC: XYZ000001।",1,hi,scam,impersonation
"Sir/Madam, aapka HDFC bank account band hone ka khatra hai. KYC update karne ke liye niche diye gaye link par click karein: hdfc-rewards.top/kyc-update-now. Risk: High",1,hgl,scam,kyc_fraud
"प्रिय किरण, ₹5,000 की राशि आज रात तक आपके खाते में जमा कर दी जाएगी। ऐप इंस्टॉल करें और आवश्यक दस्तावेज अपलोड करें: easymoney.loanapps.xyz",1,hi,scam,loan_app
"प्रिय रामेश, आपके ईपीएफ खाते में ₹12,345.67 जमा किए गए हैं। खाता संख्या: XX789012। विवरण के लिए epfindia.gov.in पर जाएं।",0,hi,govt,
Chennai Traffic Alert: Heavy congestion on Anna Salai due to road work. Expect delays. Plan accordingly.,0,en,govt,
"Sir, ₹2,999 invest karke Bitcoin mein aasan profit kamayein. Exclusive trading group mein join karein! Limited seats! 👉 invest-crypto.top/join",1,hgl,scam,investment_scam
"Jio: Dear Priya, your JioFiber bill of Rs.999 is due today. Make payment to continue enjoying seamless connectivity. Pay now: jio.com/paybill Ref ID: JFB123",0,en,bill_utility,
"नमस्ते, आपका फेडएक्स पार्सल (123456789) आज डिलीवरी के लिए निकला है। कृपया अपने दरवाजे पर रहें। ट्रैक करें: fedex.com/track/12345",0,hi,delivery,
"नमस्ते, राजीव! फ्लिपकार्ट बिग बिलियन डे सेल शुरू! इलेक्ट्रॉनिक्स, फैशन और बहुत कुछ पर शानदार ऑफर। अभी देखें: flipkart.com/bbd",0,hi,promo,
Myntra: Order verify karne ke liye OTP 295057 use karein. Kisi ko na batayein.,0,hgl,otp,
"Dear Rajesh Kumar, Your ICICI bank a/c XX5678 is temporarily suspended due to KYC update. Verify now at icici-kycupdate.xyz or call 022-80001234 to avoid blocking.",1,en,scam,kyc_fraud
LIC India: OTP 357912 to update your policy details. Do not share this code. Contact LIC customer care at 1800-258-5777 if unauthorized.,0,mix,otp,
Flipkart: आपका पार्सल FK615780 भेज दिया गया है। अनुमानित डिलीवरी 21/10/2026। ट्रैक: flipkart.com/track/fk615780,0,hi,delivery,
"Dear Kavita Singh, aapke Punjab National Bank a/c mein suspicious activity detect hui hai. Verify karne ke liye: pnb-securityalert.xyz. Immediate action len!",1,hgl,scam,phishing_generic
"प्रिय प्रकाश जी, आपको फ्लिपकार्ट से ₹5,500 का कैशबैक जीतने का मौका मिला है! दावा करने के लिए, यहां क्लिक करें: flipkart-offer.xyz/claim अपनी जानकारी दर्ज करें।",1,hi,scam,phishing_generic
"Congratulations Rohan! You won Rs.10,00,000 in the Google Pay lucky draw. Pay processing fee Rs.599 to claim: gpay-support.site",1,en,scam,lottery_prize
"प्रिय अर्जुन, ₹3,500 का तत्काल ऋण प्राप्त करें। ऐप डाउनलोड करें: axisloan.quickcash.xyz और अपनी पहचान सत्यापित करें।",1,hi,scam,loan_app
URGENT: Your Aadhaar is linked to a criminal investigation in Indore. A warrant has been issued. Immediately contact Inspector Verma at 9300112233 to avoid arrest. Case Ref: IND/PD/24-002.,1,en,scam,digital_arrest
नमस्ते रेखा! Paytm पर ₹500 का कैशबैक पाएं। अपने दोस्तों को Paytm से पैसे भेजने के लिए प्रोत्साहित करें। नियम और शर्तें लागू।,0,hi,promo,
"प्रिय रवि, गलती से ₹800 आपके खाते में भेज दिए गए हैं। कृपया तुरंत वापस भेजें। धन्यवाद।",1,hi,scam,upi_fraud
"MSEDCL: प्रिय पूजा, आपका ₹7,500 का बिल 04/10/2026 तक देय है। भुगतान: mahadiscom.in/pay",0,hi,bill_utility,
"प्रिय रवि, आपके आईडीबीआई बैंक खाते को अपडेट करना जरुरी है। तुरंत 7890123456 पर कॉल करें।",1,hi,scam,kyc_fraud
EPFO: आपकी request XYZ444818 process हो गई है। Status: epfindia.gov.in,0,mix,govt,
Snapdeal: Your order (Ref No: XYZ123) will be delivered today. Please ensure your address is correct. Visit: https://www.snapdeal.com/myaccount/orders,0,en,delivery,
"प्रिय रेखा जी, आपके नाम का एक पार्सल पहुंचा है, लेकिन डिलीवरी शुल्क ₹550 बकाया है। भुगतान करें: parcel-status.top/paynow",1,hi,scam,fake_delivery
"Alert! Gas bill unpaid. Disconnection tonight. Contact Officer Singh at 9000123456 immediately. A/c ID: G12345. Pay ₹3,200 now.",1,mix,scam,utility_scam
"Flipkart: Big Diwali Sale! Get up to 70% off on electronics, fashion & more. Shop now: flipkart.com/diwali . Use code DIWALI20 for extra ₹50 off!",0,mix,promo,
URGENT: Delhi Police - Aapke number se suspicious activity detect hui hai. Arrest se bachne ke liye is link par click karein: delhi-police.xyz,1,hgl,scam,digital_arrest
"URGENT! Your gas supply will be cut off tonight. Unpaid amount ₹1,899. Contact Inspector Vijay on 8299123456 immediately. कृपया तुरंत संपर्क करें वरना गैस कनेक्शन काट दिया जाएगा। Ref: G2345",1,mix,scam,utility_scam
Aapka Ecom Express parcel (tracking ID: EE456789) hold kiya gaya hai. Delivery ke liye ₹150 pay karein: ecomexpress-pay.xyz,1,hgl,scam,fake_delivery
"Your loan EMI is overdue. Pay Rs.7,500 immediately or face legal action: tinyurl.com/1cc19z",1,en,scam,loan_app
"Dear Mrs. Yadav, aapko SBI Lucky Draw me Rs.15,00,000 jeetne ka chance hai. Claim karne ke liye is link par click karein: sbi-rewards.top",1,hgl,scam,lottery_prize
"Regarding case FIR no. 2024-HYD-001, your Aadhaar is linked to the accused in Pune. Contact advocate Verma on 7777777777 for clarification.",1,en,scam,digital_arrest
"प्रिय रवि, आपका Flipkart रिवॉर्ड्स पॉइंट समाप्ति की तारीख नजदीक है! अपने पॉइंट्स को भुनाने के लिए यहां क्लिक करें: flipkart-rewards-redeem.top।",1,hi,scam,phishing_generic
"प्रिय सीमा, आपका HDFC बैंक OTP है 789456। कृपया इसका उपयोग अपने ऑनलाइन लेनदेन को पूरा करने के लिए करें। इसे किसी के साथ साझा न करें।",0,hi,otp,
"बधाई हो पूजा जी! आपने ‘PhonePe लकी ड्रॉ’ में ₹10,00,000 जीते हैं। इनाम पाने के लिए ₹12,000 शुल्क जमा करें: phonepe-refund.net",1,hi,scam,lottery_prize
URGENT NOTICE: Your electricity bill is unpaid. Disconnection TONIGHT. Call Ms. Desai on 8765432109 immediately. A/c no: 5678901234.,1,en,scam,utility_scam
"प्रिय रवि, सिर्फ़ ₹3,500 निवेश करें और हर हफ्ते 20% रिटर्न पाएँ। वीआईपी ग्रुप: parcel-refund.site/verify",1,hi,scam,investment_scam
"Income Tax Dept: PAN data updated successfully. Ref No: ITUP12345. If not you, please report to helpdesk@incometax.gov.in",0,en,govt,
DigiLocker: Your document 'SSC Marksheet' has been successfully uploaded. Access now: digilocker.gov.in. Help: 1800-123-4567,0,en,govt,
"URGENT: Customs Alert - Parcel to Suresh Kumar, Chennai flagged for drug smuggling. Aadhaar used for shipment. Call 011-88888888 to resolve immediately. Ref: CNS/2024/444.",1,en,scam,digital_arrest
"Your electricity bill of Rs.12,000 is unpaid. Power will be cut tonight. Call officer at 8385225193 immediately.",1,en,scam,utility_scam
"Rohan, ghar baithe kaam karein aur Rs.499/din kamayein. WhatsApp group join karein: wa.link/239435",1,hgl,scam,job_scam
"प्रिय अंजली जी, आपके ₹15,000 का ऋण आवेदन अस्वीकृत कर दिया गया है। पुनः आवेदन करने के लिए: fast-cash.xyz पर जाएं।",1,hi,scam,loan_app
"आपकी निजी वीडियो हमारे पास है। ₹5,500 तुरंत 7321325367 पर भेजें अन्यथा आपके परिचितों को भेज दी जाएगी।",1,hi,scam,sextortion_threat
"Your Paytm UPI limit has been increased to ₹50,000. Confirm your details here: paytm-security.xyz/verify-limit",1,en,scam,upi_fraud
"Airtel Payment Bank: Manish ji, aapke a/c me Rs. 750 cash back credit ho gaya hai. ishe apne wallet se transfer karein! https://airtelbank.in/cashback",0,hgl,promo,
ICICI Bank reward points आज expire होंगे। App install करें: https:/app.apk,1,mix,scam,apk_malware
एक्सिस बैंक: आपके खाते XX2009 से ₹999 डेबिट हुए। संदर्भ AMZ358719। यदि आपने नहीं किया तो 1800-928-8370 पर कॉल करें।,0,hi,banking,
"Customs hold your parcel from Delhi. Drugs found. ₹12,500 fine pending. Pay now at customs-clearance.top or face arrest. Contact officer Sharma at 9123456789.",1,mix,scam,digital_arrest
"EPFO: UAN KYC updated successfully. If not initiated by you, ignore. Visit epfindia.gov.in for more info.",0,en,govt,
"Good morning, Anita! Just confirming our appointment for tomorrow at 10:30 am. See you then.",0,en,personal,
"Aapke SBI a/c XX98765 me Rs.500.00 ka cashback mila hai. Total balance ₹12,345.67.  Visit sbi.co.in for details.",0,hgl,banking,
SBI: Your A/c XX5678 has been credited with ₹500 cashback on your recent grocery purchase at BigBasket! Enjoy shopping. Visit sbi.co.in for details.,0,en,promo,
"श्री कुमार, आपका FirstCry पार्सल (TRK: FC987654) होल्ड पर है। ₹399 का भुगतान करें और डिलीवरी प्राप्त करें: firstcry-pay.xyz",1,hi,scam,fake_delivery
"Dear Rajeev, ₹1,499 credited to your a/c XX5678. Ref ID: ABC1234. Visit hdfc-rewards.top to claim bonus offer. T&C Apply.",1,en,scam,upi_fraud
"DTH Plus: Dear Kavita, aapka DTH recharge ₹350 successful raha. A/c no. DT12345. Thank you for using our services. Visit dthplus.in for details.",0,hgl,bill_utility,
"Dear Priya, aapka Ekart parcel delivery ke liye pending hai. ₹150 pay karne ke liye yaha click karein: ekart-verify.top/paynow",1,hgl,scam,fake_delivery
"BESCOM alert! A/c no. 1234567890 par ₹4,500 ka bill due hai. Last date: 15th Oct. Payment karein aur disconnection se bachen.",0,hgl,bill_utility,
"नमस्ते सुरेश, आपका SBI UPI पिन बदलने का अनुरोध प्राप्त हुआ। OTP है: 556677. यह कोड 30 मिनट में समाप्त हो जाएगा। कभी भी किसी के साथ साझा न करें।",0,hi,otp,
"Congratulations! Aapke naam se ₹22,00,000 ki lottery lagi hai. ₹2,999 processing charge pay karein aur prize claim karein. UPI ID: 876543210@paytm",1,hgl,scam,lottery_prize
"Congratulations Ramesh! Aapka KBC lottery ₹25,00,000 jeet gaya hai. Processing fee Rs.8500 submit karne ke liye paytm kare: paytm.me/kbcverify123",1,mix,scam,lottery_prize
Google alert: Aapke account ko secure karne ke liye OTP: 654321. Is code ko jaldi se enter karein. Do not share.,0,hgl,otp,
Jio Fiber: Your monthly bill of Rs.650 is due. Pay before 30th Oct to avoid service interruption. Pay at jio.com/paynow.,0,en,bill_utility,
"Sir, aapka Flipkart order (ID: FLP12345) hold kar diya gaya hai. Release karne ke liye, is link par verify karein: flipkart-orderverify.xyz. Urgent!",1,hgl,scam,phishing_generic
"प्रिय दीपक जी, आपका पार्सल डिलीवरी के लिए रुका है। ₹599 का भुगतान करें: jobs-india-claim.icu",1,hi,scam,fake_delivery
"नमस्ते विक्रम, फ्लिपकार्ट पर दिवाली सेल शुरू! इलेक्ट्रॉनिक्स पर भारी छूट। अभी देखें: flipkart.com/diwalisale",0,hi,promo,
DTDC: aapka order #DLV257059 aaj deliver hoga. Track karein: dtdc.in/track/dlv257059,0,hgl,delivery,
URGENT: Your Aadhaar card has been temporarily blocked. Verify your details at uidai-verify.com immediately to restore access. Call 1800-258-8888.,1,en,scam,other_scam
"यूनियन बैंक: Rs.12,000 debited from a/c XX1166. अगर आपने नहीं किया तो 1800-420-4827 पर call करें।",0,mix,banking,
"महत्वपूर्ण: आपके पंजीकृत मोबाइल नंबर पर अवैध गतिविधि पाई गई है। अपनी सेवाएँ जारी रखने के लिए, कृपया इस लिंक पर अपनी जानकारी अपडेट करें: telecom-verify.xyz।",1,hi,scam,digital_arrest
Aapka Amazon order #1234567890123 dispatched! Expected delivery by 25th Oct. Track it here: amazon.in/track/123XYZ,0,hgl,delivery,
"केबीसी लॉटरी में आपका नंबर चुना गया है। पुरस्कार ₹30,00,000। बैंक विवरण और आधार भेजें: 6328748436",1,hi,scam,lottery_prize
"ICICI Bank: A refund of Rs.2,999 has been processed to your a/c ending in 5678. Confirm collection request on icici-refunds.top to complete.",1,en,scam,refund_cashback
"Congratulation! Aapka ₹10,000 ka investment double ho gaya! Withdraw karne ke liye, is link par click karein: hdfc-rewards.top/withdraw",1,hgl,scam,investment_scam
Zomato: Enjoy 40% off on your next order! Use code FOOD40. Order now and satisfy your cravings! zomato.com/deals/pqr456,0,en,promo,
"Parcel held at warehouse. Confirm address & pay Rs.15,000: earnmoney-portal.vip",1,en,scam,fake_delivery
Your SIM will be blocked in 2 hrs. Update Aadhaar at https://parcel-claim.icu/update to continue service.,1,en,scam,other_scam
"प्रिय निधि, Paytm पर आपके लेनदेन के लिए OTP: 246813। इसे साझा न करें।",0,hi,otp,
"Namaste Rajesh ji, humara new work from home program dekho! Rs.3,500 per week earn karo. Join telegram channel: t.me/earnfastindia for details. Limited seats!",1,hgl,scam,job_scam
Union Bank: Your reward points expire today. Install the Union Bank Rewards app from unionbank-support.online/app.apk to redeem Rs.599.,1,en,scam,apk_malware
"प्रिय अमित, मायंत्रा फैशन सेल! कपड़ों पर शानदार छूट। अभी देखें: myntra.com/fashion-sale",0,hi,promo,
Ekart: Your order is being prepared for delivery in Bangalore. Expected delivery date: 2024-03-15. Track your order: ekart.in/track/abc1234,0,en,delivery,
"Sir, aapke PhonePe wallet mein ₹2,500 refund pending hai. Claim karne ke liye: phonepe-refund.xyz/claim",1,hgl,scam,phishing_generic
Flipkart: Your order (FK1234567) will be delivered by Ekart today. Keep your address ready. Track: flipkart.com/track/fk1234567,0,mix,delivery,
"Dear Amit, aapka IDFC FIRST Bank account KYC pending hai. Block hone se bachne ke liye abhi update karein: idfc-claim.vip",1,hgl,scam,kyc_fraud
"PNB: a/c XX5324 mein Rs.7,500 credit hue. Balance Rs.17,475.",0,hgl,banking,
"Hey Amit, the plumber is on his way. He said he'll be there in about 20-30 minutes. He's from 'Shree Ram Plumbing'.",0,en,personal,
"Airtel Thanks: Dear Meena, enjoy 2GB data pack at ₹99! Validity 28 days. Recharge now at airtel.in/offers.",0,en,promo,
Your Amazon order (ID: 4567891234) is out for delivery. Expected arrival: Tomorrow 2-5 PM. Track it here: amazon.in/track/4567891234. Driver: Ravi Kumar.,0,mix,delivery,
"You have been selected as the winner of Rs.25,00,000 in KBC lottery. Send bank details and Aadhaar to 6236113523.",1,en,scam,lottery_prize
Flipkart: Great offers on fashion! Upto 70% off on top brands. Shop now & get extra Rs.100 off with FirstPay. https://flipkart.com/fashion,0,en,promo,
Myntra: Exclusive Offer for you! Get flat ₹200 off on footwear. Use code FOOT200. Shop now: https://myntra.com/footwear-sale,0,en,promo,
Airtel Thanks: Enjoy 2GB data pack at just ₹99! Recharge now via airtel.in/offers or MyAirtel app.,0,mix,promo,
Income Tax Dept: आपका अनुरोध FK616400 संसाधित हो गया है। स्थिति देखें: incometax.gov.in,0,hi,govt,
"Mrs. Devi, a private video of you is with us. Pay Rs.7,200 to a/c 6677889900 or it will be shared. Call 8889990000 for assistance. Urgent!",1,en,scam,sextortion_threat
CBI notice: आपके नाम पर एक case दर्ज है। Arrest से बचने के लिए 011-69470209 पर call करें।,1,mix,scam,digital_arrest
Flipkart: आपका ऑर्डर #7654321098 सफलतापूर्वक वितरित किया गया। कृपया रेटिंग दें: flipkart.com/feedback,0,hi,delivery,
Flipkart: Aapka order #FKJ987654321 shipped ho gaya hai. Delivery 2-3 days me hogi. Tracking link: flipkart.com/track/FKJ987654321,0,hgl,delivery,
Blue Dart: आपका ऑर्डर #AMZ271304 आज डिलीवर होगा। ट्रैक करें: bluedart.com/track/amz271304,0,hi,delivery,
DigiLocker: Your request ref TXN430440 has been processed. Check status at digilocker.gov.in.,0,en,govt,
"प्रिय ग्राहक, आपका गैस बिल ₹4,500.00 बकाया है। तुरंत भुगतान न करने पर कनेक्शन बंद कर दिया जाएगा। 9876543212 पर संपर्क करें।",1,hi,scam,utility_scam
"नमस्ते रवि, IRCTC पर आपकी टिकट बुकिंग के लिए OTP है: 543210। यह आपके भुगतान को सत्यापित करने के लिए आवश्यक है। इसे किसी के साथ साझा न करें।",0,hi,otp,
SBI reward points आज expire होंगे। App install करें: sbi-kyc.info/app.apk,1,mix,scam,apk_malware
"प्रिय रमेश, आपके ईपीएफ खाते में ₹12,345.67 जमा किए गए हैं। विवरण के लिए, कृपया epfindia.gov.in पर लॉग इन करें।",0,hi,govt,
"Dear Rahul, aapka SBI loan payment due hai. ₹5,000.00. Last date: 10-03-2024. Pay online at sbi.co.in. Ref ID: LNM8765",0,hgl,banking,
"Mama, I've deposited ₹1,500.00 into your a/c XX4567. Let me know if you received it.",0,en,personal,
Myntra: Your parcel is on hold due to incomplete address. Pay Rs.350 redelivery fee at tinyurl.com/kvguje. Tracking AMZ374268,1,en,scam,fake_delivery
Amazon: आपका OTP 975005 है। इसे किसी के साथ साझा न करें। यह 10 मिनट में समाप्त होगा।,0,hi,otp,
Paytm: बड़ी सेल! 40% तक की छूट। अभी खरीदें: paytm.com/sale। शर्तें लागू।,0,hi,promo,
"PNB rewards points aaj expire honge. App download karein: pnb-secure.live/app.apk aur Rs.7,500 redeem karein.",1,hgl,scam,apk_malware
"Hi Kavita, work from home opportunity - packaging work. Earn Rs.2500 weekly. Registration link: pack-work.xyz",1,en,scam,job_scam
"Dear Priya, Your ₹2,500 loan repayment is overdue. Pay immediately or face legal action. Contact: 8100000001.",1,en,scam,loan_app
"Priya, sirf Rs.350 lagayein aur har hafte 20% return paayein. VIP group join karein: quickloan-refund.live",1,hgl,scam,investment_scam
"Aapke a/c se ₹2,999 Paytm payment confirm ho gaya hai. Agar aapne nahi kiya hai toh is link pe report karein: paytm-help.xyz",1,hgl,scam,upi_fraud
"प्रिय रमेश, आपके नाम से एक पार्सल भेजा गया है जिसमें अवैध सामग्री पाई गई है। कृपया तुरंत इस नंबर पर कॉल करें: 9876543210 या finedeposits.xyz पर ₹3,999 का भुगतान करें।",1,hi,scam,digital_arrest
"प्रिय सुनीता, Paytm पर ₹789.99 का भुगतान करने के लिए OTP 123456 दर्ज करें। यह लेन-देन सुरक्षित करने के लिए आवश्यक है।",0,hi,otp,
Your Myntra payment of Rs.599 failed. Retry within 10 min: tinyurl.com/yqo0zj,1,en,scam,upi_fraud
TRAI: your number will be disconnected for illegal activity. Call 9533257192 immediately.,1,en,scam,digital_arrest
Delhivery: Shipment XYZ960786 shipped. Expected delivery 13/10/2026. Track at delhivery.com/track/xyz960786,0,en,delivery,
"सुनीता जी, आपके ₹12,000 के ऋण की पहली किस्त देय है। भुगतान करने के लिए ऐप खोलें: iciciloan.payfast.xyz अन्यथा शुल्क लगेगा।",1,hi,scam,loan_app
Aapka loan overdue hai. Abhi Rs.599 pay karein warna legal action hoga: parcel-kycverify.top,1,hgl,scam,loan_app
"Rajesh, your loan application with DreamFinance has been rejected. Appeal & get instant approval by paying processing fee of ₹1,999 to a/c 1234567890.",1,en,scam,loan_app
"Hello, I am your manager. In a meeting; need Rs.2,999 urgently for gift cards. Send to 8734813278 now.",1,en,scam,impersonation
"Aapki private video hamare paas hai. Rs.7,500 022-57121301 par bhejein warna contacts ko bhej denge.",1,hgl,scam,sextortion_threat
"Sir, mistake! ₹1,200 sent to wrong UPI ID. Please send back to vinod.kumar12@paytm.co.in ASAP. It's very urgent.",1,en,scam,upi_fraud
"प्रिय सीमा, आपके आईसीआईसीआई बैंक खाते में केवाईसी अपडेट आवश्यक है। कृपया अपने दस्तावेज़ यहां अपलोड करें: icici-kyc.info। यदि आप ऐसा नहीं करते हैं, तो आपका खाता ब्लॉक कर दिया जाएगा।",1,hi,scam,kyc_fraud
"Sh. Sanjay Sharma, aapka Income Tax return file ho gaya hai. Acknowledgement number IT123456789. Income Tax Department.",0,hgl,govt,
URGENT NOTICE: Jaipur Court. Aapke khilaaf fraud case darj kiya gaya hai. Case details jaanane ke liye http://jaipur-courtverify.xyz par jaein.,1,hgl,scam,digital_arrest
"Bhai galti se aapke UPI par Rs.15,000 chale gaye. Please 7128949723 par wapas bhej do.",1,hgl,scam,upi_fraud
"Madam, you are eligible for a personal loan up to ₹1 Lakh! Just fill this form: [sbi-kycverify.xyz/loanform] - Limited offer!",1,en,scam,loan_app
"एचडीएफसी बैंक: a/c XX2905 में ₹1,999 credit हुए। Balance ₹8,892।",0,mix,banking,
TRAI: Aapke number par illegal activity report hui hai. Account block hone se bachane ke liye ₹2999 fine bharin: trai-pay.xyz/urgent123,1,hgl,scam,digital_arrest
"Dear Priya Sharma, aapka HDFC Bank a/c block ho jayega agar aap 24 ghante mein KYC update nahi karte. Update karne ke liye: hdfc-rewards.top/kyc/urgent",1,hgl,scam,kyc_fraud
"Ekart: Delivery scheduled for tomorrow between 9 AM-12 PM. Tracking ID: EK12345678. For rescheduling, visit ekart.in/reschedule",0,en,delivery,
DigiLocker: आपकी request FK653562 process हो गई है। Status: digilocker.gov.in,0,mix,govt,
"प्रिय कविता जी, आपका पार्सल कोलकाता से भेजा गया है। कृपया Rs.850 का हैंडलिंग शुल्क का भुगतान करें: delivery-fee.xyz",1,hi,scam,fake_delivery
सूचना: आपके नाम से एक पार्सल में अवैध सामग्री मिली है। गिरफ्तारी से बचने के लिए तुरंत 8092756894 पर संपर्क करें। संदर्भ XYZ233285,1,hi,scam,digital_arrest
"Sir, aapke liye ek achha chance! Mutual funds mein invest karke, aap apne paise ko double kar sakte hain. Link: mutualfund-growth.info/doublemoney",1,mix,scam,investment_scam
Paytm: Get flat ₹50 cashback on your first FASTag recharge above ₹200! Use code FASTAG50. T&C apply. Visit paytm.com/fastag,0,en,promo,
"Tata Power: प्रिय अमित, आपका ₹199 का बिल 11/12/2026 तक देय है। भुगतान: tatapower.com/pay",0,hi,bill_utility,
HDFC Bank: Your account is temporarily suspended due to KYC non-compliance. Verify now at hdfc-verify-now.net or call 09876543210. Ignore if already updated.,1,mix,scam,kyc_fraud
"पीएम किसान की ₹1,499 की किस्त लंबित है। ई-केवाईसी पूरी करें: earnmoney-kyc.net/pay",1,hi,scam,other_scam
"Hello Ravi, Amazon se. Aapke liye ek achha job offer hai. Part-time kaam karke ₹2,500/day kamayein. Apply karne ke liye: amazon-jobs-apply.top",1,hgl,scam,job_scam
"Dear Meena ji, 'Easy Task' app se aap din mein sirf 2 ghante kaam karke ₹3,000 kama sakte hain. App download karein: easytaskapp.xyz",1,hgl,scam,job_scam
"DigiLocker: आपके दस्तावेज़ (आधार, पैन) सुरक्षित रूप से अपलोड किए गए हैं। https://digilocker.gov.in पर देखें।",0,hi,govt,
"Dear Rajesh, Your recent Amazon purchase qualifies for a ₹3,450 cashback! Claim now via: amzn-cashback.xyz to receive it in your a/c. Limited time offer!",1,en,scam,refund_cashback
"A/c holder Ravi, aapke account mein Rs. 2,999 deposit hue hain. Please confirm karne ke liye niche diye gaye link par click karein: sbi-kycverify.xyz",1,hgl,scam,upi_fraud
"Alert: Court Warrant issued under IPC 420 in the name of Priya Sharma, Kolkata. Parcel with contraband found. Verify your details at hdfc-verify.xyz within 24 hrs to avoid legal action.",1,en,scam,digital_arrest
"पूजा ji, galti se ₹250 आपके UPI पर चले गए। Please 7593200217 पर return कर दें।",1,mix,scam,upi_fraud
Flipkart: आपका OTP 547152 है। इसे किसी के साथ साझा न करें। यह 10 मिनट में समाप्त होगा।,0,hi,otp,
"ICICI Bank Alert: Your account balance is ₹3,456.78 as of today. Visit icicibank.com for details.",0,mix,banking,
"Sir/Madam, your Jio bill of ₹899 is overdue. Pay now at jio-billpay.xyz to avoid service disconnection. Last date: 24/10/2024.",1,en,scam,other_scam
"Dear Rajeev, aapka Blue Dart parcel hold ho gaya hai. Delivery ke liye Rs.899 pay karein: bit.ly/parcel-pay-now",1,hgl,scam,fake_delivery
"सुप्रभात गीता जी, अब आप घर बैठे ऑनलाइन शॉपिंग करके ₹500 प्रतिदिन कमा सकती हैं। जॉइन करें: shop-earn.xyz/register",1,hi,scam,job_scam
Airtel Thanks app download karein aur pay ₹199 pe 1GB data/din ke saath 28 din ki validity milegi!  https://airtel.in/thanksapp,0,hgl,promo,
Alert: CBI has received a complaint against Kavita Singh regarding financial fraud in Kolkata. Verify your details on this secure portal: cbi-verify-now.xyz immediately to avoid arrest.,1,en,scam,digital_arrest
"Dear Rajesh, Aapka Amazon order (ID: XYZ789) deliver nahi ho saka. Delivery ke liye ₹199 pay karein: amazon-delivery.top. - Amazon",1,hgl,scam,impersonation
"Dear Anil, Your Kotak Mahindra Bank account is flagged for incomplete KYC. Please verify details at kotak-kycupdate.xyz to prevent account blockage. OTP: 123456.",1,en,scam,kyc_fraud
आपके आईसीआईसीआई बेंक खाते को तुरंत अपडेट करने की आवश्यकता है। कृपया https://icici-kycupdate.info पर जाएं और अपनी जानकारी सबमिट करें। ऐसा न करने पर आपका खाता बंद कर दिया जाएगा। -राजेश,1,hi,scam,kyc_fraud
IRCTC: आपकी request DLV564518 process हो गई है। Status: irctc.co.in,0,mix,govt,
"प्रिय रवि, हम आपको सूचित करते हैं कि आपके लिए एक आकर्षक नौकरी का अवसर उपलब्ध है। प्रत्येक सफल रेफरल के लिए ₹500 कमाएँ! अधिक जानकारी के लिए इस Telegram चैनल से जुड़ें: t.me/joboffers2024",1,hi,scam,job_scam
"FirstCry: Your order #FC98765 is being shipped to Priya Patel, 456 Oak St, Chennai. Expected delivery: 2-3 days. Track: firstcry.com/orderstatus",0,en,delivery,
"Rajesh ji, humein aapki personal videos mili hain jo social media par viral ho sakti hain. ₹2,800 pay karke yeh videos delete karwaen. UPI ID: fakeupi@paynow.com",1,hgl,scam,sextortion_threat
"Dear Suresh, aapka Punjab National Bank account blocked ho gaya hai. KYC update karne ke liye is link par jayen: pnb-kycverify.com. Jaldi karein!",1,hgl,scam,kyc_fraud
Your Delhivery order #1234567890 is out for delivery. Estimated arrival: Tomorrow between 10 AM - 1 PM. Track here: delhivery.com/track/1234567890,0,en,delivery,
"Hello Mr. Patel, Congratulations! You have been pre-approved for a personal loan of ₹30,000. Apply here: fastloan-apply.club and get funds within 30 mins.",1,en,scam,loan_app
"Aapka DTDC payment Rs.7,500 fail ho gaya. 10 min mein retry karein: dtdc-verify.info",1,hgl,scam,upi_fraud
"SBI: aapke a/c XX7890 me ₹15,000.00 ka online transfer successful raha. Ref ID: SBI123456789. Agar koi galat pata chale toh call karein.",0,hgl,banking,
"Kavita, aapka Rs.250 ka loan approve ho gaya hai. App download karein: claim-prize-kyc.top",1,hgl,scam,loan_app
"Oye Food: Swati Verma, aaj hi order karein aur get flat 50% off on your first order! Use code FOOD50: oyefood.co.in/offer",0,hgl,promo,
"नमस्ते रमेश जी, आपके लिए घर बैठे काम का मौका है! प्रतिदिन ₹800 कमाने के लिए हमारे व्हाट्सएप ग्रुप में शामिल हों: wa.link/xyz789। जल्दी करें!",1,hi,scam,job_scam
Namaste Suresh! Aapka Tata Sky a/c no. 1234567890 ka bill ₹650 due hai. Online payment karein: tatasky.com/paybill,0,hgl,bill_utility,
"E-challan Rs.4,999 pending hai. APK install karein: jobs-india-kyc.site/app.apk",1,hgl,scam,apk_malware
"बधाई हो रोहन जी! आपने ‘Ekart लकी ड्रॉ’ में ₹30,00,000 जीते हैं। इनाम पाने के लिए ₹999 शुल्क जमा करें: ekart-refund.online",1,hi,scam,lottery_prize
"ICICI Bank: Your reward points expire today. Install the ICICI Bank Rewards app from icici-portal.live/app.apk to redeem Rs.4,999.",1,en,scam,apk_malware
"Smt. Kavita ji, humare expert advisors se share market mein profit kamayein. Exclusive membership sirf Rs.999. Apply now: stock-profit.top",1,hgl,scam,investment_scam
"प्रिय विनोद, Paytm पर आपके लेन-देन के लिए OTP: 345678। कृपया इसे साझा न करें।",0,hi,otp,
Delhivery: आपका parcel hold पर है। ₹350 fee pay करें: delhivery-alert.net,1,mix,scam,fake_delivery
"Hi Anjali, urgent! Join our Amazon product testing program and earn ₹700 per item tested. WhatsApp us at +918080808080 for details and registration.",1,en,scam,job_scam
"तुरंत लोन! ₹5,500 केवल 10 मिनट में। दस्तावेज़ अपलोड करने के लिए: govt-notice-alert.icu",1,hi,scam,loan_app
"Dear Amit, Congratulations! You won ₹10,000 in the Amazon Diwali offer. Claim here: amazon-rewards.bid/diwali",1,en,scam,upi_fraud
Urgent notice! CBI se aapke naam pe case file hua hai. Court ne arrest warrant issue kiya hai. Immediate response ke liye call karein: 011-76543210.,1,hgl,scam,digital_arrest
"प्रिय सीमा, आपका Myntra ऑर्डर #MT123456789 सफलतापूर्वक डिस्पैच कर दिया गया है। अनुमानित डिलीवरी: 3-5 दिन। ट्रैक करें: myntra.com/order/MT123456789",0,hi,delivery,
IRCTC: आपके टिकट बुकिंग के लिए OTP है 918273। कृपया इसे तुरंत दर्ज करें। बुकिंग आईडी: ABCDEF। इस OTP को किसी के साथ साझा न करें।,0,hi,otp,
"IDEA: Dear Arjun, aapke mobile recharge ₹199 complete ho gaya hai. Validity: 28 days. IDEA My App download karein.",0,hgl,bill_utility,
UIDAI: आपका अनुरोध TXN711811 संसाधित हो गया है। स्थिति देखें: uidai.gov.in,0,hi,govt,
"प्रिय रमेश, एचडीएफसी बैंक से! आपके क्रेडिट कार्ड पर ₹2,500 तक का कैशबैक पाने के लिए आज ही खरीदारी करें। नियम और शर्तें लागू। www.hdfcbank.co.in",0,hi,promo,
"BESCOM: ₹2,999 ka electricity bill due hai. Last date 23/07/2024. Online payment karein: bescom.karnataka.gov.in. Disconnection se bachen.",0,hgl,bill_utility,
"Attention Suresh, New job opportunity: package sorting. Pay ₹400/day. Need urgent help. Click here: bit.ly/package-work to register. Ref ID: JW789",1,en,scam,job_scam
TRAI: आपके मोबाइल नंबर पर एक अवैध गतिविधि पाई गई है। इसे रोकने के लिए तुरंत 6543210987 पर कॉल करें।,1,hi,scam,digital_arrest
"Mr. Sharma, aapke liye ek exclusive crypto opportunity! Bitcoin aur Ethereum mein invest karein aur 3x returns kamayein. Join our VIP group: https://crypto-profits.top/sharma456",1,hgl,scam,investment_scam
"URGENT: Court Warrant issued against Priya Patel, Bangalore, regarding a financial fraud case. Respond immediately to avoid arrest. Verify at court-notice.xyz. Case No: BN98765",1,en,scam,digital_arrest
Kotak Bank: aapka KYC expire ho gaya hai. 24 ghante mein verify karein kotak-secure.info/claim ya 6788370376 par call karein.,1,hgl,scam,kyc_fraud
Parcel held at warehouse. Confirm address & pay Rs.350: earnmoney-claim.xyz,1,en,scam,fake_delivery
Important: Your PhonePe account is locked due to multiple failed login attempts. Unlock it now: phonepe-unlock.xyz. Contact support at 8282828282,1,en,scam,phishing_generic
"Congratulations Anita! You won Rs.5,00,000 in the DTDC lucky draw. Pay processing fee Rs.599 to claim: bit.ly/vdligd",1,en,scam,lottery_prize
"Sir/Madam, ₹1,500 has been mistakenly credited to your account ending in 1234. Kindly return to 9876543210. Thank you.",1,en,scam,upi_fraud
"Congratulation! You've won ₹25,00,000 in KBC lottery. Claim now, processing fee ₹4,999. Pay to a/c 3456789012, IFSC SBIN0001234. Ref ID: KBC2024-WIN",1,en,scam,lottery_prize
"नमस्ते, रवि! अमेज़ॅन पर बिग बिलियन सेल शुरू! 50% तक की छूट पाएं। अभी खरीदारी करें: https://amazon.in/bbs",0,hi,promo,
"अलर्ट! आपके बिजली बिल में ₹3,500.00 का बकाया है। तुरंत भुगतान न करने पर कनेक्शन काट दिया जाएगा। कॉल करें: 8100234567 - विद्युत विभाग, जयपुर।",1,hi,scam,utility_scam
"Dear Ajay, aapka parcel delivery delay ho gaya hai. Delivery charges ₹1200 bharne ke liye is link par click karein: courier-track.info. Tracking ID: XYZ789.",1,hgl,scam,impersonation
"EPFO: Dear Suresh, aapke EPF account par ₹2,300.00 deposit kiya gaya hai. OTP: 234567. Iski pushti ke liye, apne EPFO portal par login karein. Do not share this OTP.",0,hgl,otp,
Airtel: Big sale! Up to 70% off. Shop now: airtel.in/sale. T&C apply.,0,en,promo,
Alert! Electricity bill unpaid. Account XX9012. Disconnection scheduled for tonight. Contact Officer Kumar on 7654321098 immediately.,1,en,scam,utility_scam
Aapka bijli bill Rs.250 pending hai. Aaj raat connection kat jayega. Turant 9203144984 par call karein.,1,hgl,scam,utility_scam
URGENT! Gas bill payment overdue. Disconnection notice issued. Call 7000888899 immediately to make payment & save your gas supply.,1,en,scam,utility_scam
Attention! Your electricity supply will be cut off tonight. Please deposit Rs.750.00 in A/c No: EL12345 to avoid inconvenience. Call helpline 8123456789.,1,en,scam,utility_scam
"बैंक ऑफ़ बड़ौदा: खाते XX5814 में ₹5,500 जमा हुए। उपलब्ध शेष ₹92,101।",0,hi,banking,
"URGENT: TRAI has suspended your mobile number due to illegal activity. Verify your details & pay Rs.1,500 at trai-verify.xyz within 24hrs or service will be blocked. Helpline: 7788990011.",1,en,scam,digital_arrest
Important: CBI received a complaint against Kamal Singh. Your number is listed as a contact. Verify your identity at cbi-urgent.xyz to avoid further investigation.,1,en,scam,digital_arrest
"Myntra: Upto 70% off on fashion brands! Shop for clothes, shoes & accessories. Explore now: myntra.com/sale",0,en,promo,
"Dear Rajesh Kumar, aapke HDFC Bank Credit Card se Rs.7,899.99 ka payment Amazon.in par kiya gaya. Agar koi galat activity lag rahi hai to 1800-266-2333 par call karein.",0,hgl,banking,
आपका SIM block हो जाएगा। Aadhaar update करें: jobs-india-kycverify.net/verify,1,mix,scam,other_scam
सूचना: आपके कोटक महिंद्रा बैंक खाते का केवाईसी सत्यापन आवश्यक है। लिंक: kotak-portal.xyz। देर करने पर सेवाएँ बंद।,1,hi,scam,kyc_fraud
"Urgent: Your loan application (Ref No: LA7890) is delayed due to incomplete KYC. Verify details immediately on https://sbi-kycverify.xyz or your loan will be cancelled. - Priya, SBI Loans",1,en,scam,loan_app
"ब्लू डार्ट: आपका शिपमेंट नंबर 876543210, कोलकाता के लिए प्रेषित किया गया है। डिलीवरी की स्थिति जानने के लिए: bluedart.com/track",0,hi,delivery,
Gas bill overdue! Immediate disconnection warning. Call Mr. Reddy on 9000111222 to avoid interruption. A/c Ref: AP345678,1,en,scam,utility_scam
"Sir/Madam, aapke ICICI Bank a/c se ₹1,999 refund process ho raha hai. Amount receive karne ke liye, OTP enter karein: 123456.",1,hgl,scam,refund_cashback
UIDAI: आपका अनुरोध FK540965 संसाधित हो गया है। स्थिति देखें: uidai.gov.in,0,hi,govt,
"Lakshmi, sirf Rs.2,999 lagayein aur har hafte 20% return paayein. VIP group join karein: earnmoney-kycverify.xyz",1,hgl,scam,investment_scam
"Dear Lakshmi Devi, aapke HDFC Bank account me koi suspicious activity hui hai. App ko update karne ke liye: hdfc-security.top. Urgent!",1,hgl,scam,apk_malware
"Dear Priya, ICICI bank se. Aapka a/c XX5678 KYC ke liye update hona baki hai. Update karne ke liye niche diye gaye link par click karein: icici-kyc-verify.xyz",1,hgl,scam,kyc_fraud
"Hi Dad, I'm at the station. My train is delayed by 2 hours. Will call you when I reach.",0,mix,personal,
Myntra: New customer offer! Get flat ₹150 off on your first order. Use code NEW150 at checkout. Shop now: myntra.com/newuser,0,en,promo,
"PNB: a/c XX2255 में ₹1,499 credit हुए। Balance ₹43,616।",0,mix,banking,
"Papa, mera number badal gaya hai. Phone kho gaya, urgent Rs.3,500 chahiye. 7139758369 par bhej do.",1,hgl,scam,impersonation
शेयर बाज़ार टिप्स! गारंटीड मुनाफा। ₹350 से शुरू करें: tinyurl.com/97nset,1,hi,scam,investment_scam
"नमस्ते सुरेश, आपका SBI UPI पिन बदलने के लिए OTP है: 345912। इसे किसी के साथ साझा न करें।",0,hi,otp,
Myntra: Flash Sale! Up to 60% off on branded shoes! Shop now before it ends: myntra.com/shoes. Use code STYLE60. Offer valid for 24 hours only!,0,en,promo,
"Indane Gas: Ravi, aapka bill Rs.2,999 23/12/2026 tak due hai. indane.co.in/pay par pay karein.",0,hgl,bill_utility,
"Dear Rajesh, aapko Lucky Draw mein Rs.15,50,000 mila hai. Claim karne ke liye apne bank a/c no. aur IFSC code 9123456789 par bhej dein.",1,hgl,scam,lottery_prize
"Badhai ho Sanjay! Aapne Delhivery lucky draw mein Rs.18,00,000 jeete hain. Processing fee Rs.350 bharne ke liye: https://delhivery-rewards.icu",1,hgl,scam,lottery_prize
"आपके खाते में संदिग्ध गतिविधि पाई गई है। पुष्टि करने के लिए, यहां क्लिक करें: sbi-kycverify.xyz",1,hi,scam,other_scam
Aapka loan overdue hai. Abhi Rs.999 pay karein warna legal action hoga: claim-prize-verify.net,1,hgl,scam,loan_app
"Aapke friend, Suresh ne aapko ₹800 Paytm pe send kiye hain. Check karne ke liye: paytm-money.xyz",1,hgl,scam,upi_fraud
"Hey Ramu bhai, kal shaam 7 baje milna, Mandir ke pass. Apna aadhar card leke aana. Important kaam hai.",0,hgl,personal,
Aapka Jio account suspicious activity ki wajah se lock ho gaya hai. Verify karein: jio-update.vip,1,hgl,scam,phishing_generic
"Dear Meena, your Delhi Electricity bill of Rs.1,250 is due. Pay before 01/03/2024 to avoid disconnection. Quick Pay: delhielectricity.gov.in. Ref: DEL009876",0,en,bill_utility,
"Paytm: Your Paytm Postpaid limit has been increased to ₹10,000! Shop now & enjoy hassle-free credit. https://paytm.com/postpaid",0,en,promo,
"नमस्ते अंजली जी, Paytm पर UPI से भुगतान करें और ₹20 का कैशबैक पाएं। ऑफर सीमित समय के लिए। Paytm: paytm.com",0,hi,promo,
"₹2,999 blocked! Aapke Bank of Baroda account mein KYC verification pending hai. Complete karne ke liye: bo-kycverify.xyz. Abhi karein!",1,hgl,scam,kyc_fraud
"Dear Vinod, 'Part-Time Jobs' aapko roz ₹600 earn karne ka chance de raha hai. Register karein: parttime-jobs.top/reg",1,hgl,scam,job_scam
"Dear Mrs. Sharma, urgent KYC verification needed for your Paytm wallet. Failure to verify within 24hrs will result in account freeze. Visit paytm-kyc-verify.top now.",1,en,scam,kyc_fraud
Airtel Thanks: Enjoy 2GB data & unlimited calling for 28 days at just ₹99! Recharge now at airtel.in/offer. Limited time offer.,0,en,promo,
"Congratulations Deepak! You are eligible for a remote customer support job. Earn ₹10,500/month + incentives. Join WhatsApp group for training: wa.link/joboffer2024",1,en,scam,job_scam
Delhivery: आपका पार्सल (AWB: 1234567890) कल सुबह 10:00 बजे तक डिलीवर हो जाएगा। कृपया प्राप्त करने के लिए तैयार रहें। delhivery.com,0,hi,delivery,
"नमस्ते, प्रकाश जी! हम आपको ‘ऑनलाइन सर्वे’ करके ₹450 प्रति सर्वे कमाने का अवसर दे रहे हैं। रजिस्टर करने के लिए यहां क्लिक करें: surveymoney.top",1,hi,scam,job_scam
Aapka FirstCry order #FC987654321 delivery ke liye hold kiya gaya hai. ₹500 payment karne ke liye yaha click karein: firstcry-pay.xyz,1,hgl,scam,fake_delivery
"Namaste Suresh ji, SBI ne aapke a/c XX4567 mein kuchh suspicious activity dekhi hai. KYC verify karne ke liye ₹999 deduct honge. Link: sbi-verify-now.top",1,mix,scam,kyc_fraud
"Delhivery: आपका पार्सल अधूरे पते के कारण रुका हुआ है। ₹2,500 शुल्क जमा करें: shorturl.at/nkg495",1,hi,scam,fake_delivery
"Hi Amit, Urgent! Your Paytm wallet is locked due to suspicious activity. Verify your details now at paytm-secure.xyz to unlock it.",1,en,scam,upi_fraud
"Ravi, yaad hai maine bola tha ki Gurgaon aaunga? Flight land kar di, station pe milna? Call me when u free.",0,mix,personal,
"SBI Alert: OTP 789456 for A/c XX5678 for online purchase of ₹4,500.00 is sent to your registered mobile.  Reply STOP to unsubscribe.",0,mix,otp,
"Dear Mahesh, Jio ke ek lucky winner bane! Apne ₹10,000 prize claim karne ke liye is link par click karein: jio-prizeclaim.xyz",1,hgl,scam,other_scam
Zomato: Your order is on the way! Rider: Vijay. Estimated delivery: 20-25 mins. Track now: https://zomato.com/order/track/abc123def,0,en,delivery,
"राजेश जी, आपने ऋण आवेदन में देरी की है। तुरंत ₹10,000 का भुगतान करें वरना कानूनी कार्यवाही होगी। बैंक खाता: XX98765।",1,hi,scam,loan_app
Important: Your Aadhaar has been linked to a cybercrime case in Kolkata. Visit secure-aadhaar.online to clear your name. Failure to comply will result in arrest. Case No: KOL/5678,1,en,scam,digital_arrest
"नमस्ते अमित, अमेज़न पर आपके ऑर्डर की पुष्टि करने के लिए OTP 654321 है। कृपया इसे तुरंत उपयोग करें।",0,hi,otp,
Paytm Delivery: Your product will be delivered today. Please rate your experience after receiving. https://paytm.com/delivery-feedback/123,0,en,delivery,
"प्रिय तनुजा, Myntra से। नवीनतम फैशन पर 60% तक की छूट! अभी खरीदारी करें और मुफ्त शिपिंग पाएं: myntra.com",0,hi,promo,
"Bijli department: Aapka a/c no. XX7890 blocked ho gaya hai. ₹2,999 deposit karne ke liye 9871234560 call karein.",1,hgl,scam,utility_scam
"Flipkart: Dear Kavita, Big Billion Days sale shuru ho gayi hai! Top deals aur exclusive offers ke liye Flipkart app check karein: flipkart.com",0,hgl,promo,
"नमस्ते राकेश जी, आपका Amazon ऑर्डर (ID: AMZ789) होल्ड पर है। इसे जारी करने के लिए कृपया यहां भुगतान करें: amazon-verify.top/pay ₹499।",1,hi,scam,phishing_generic
IRCTC: आपकी टिकट बुकिंग आईडी 9876543210 के लिए OTP 123456 है। यह 10 मिनट में समाप्त हो जाएगा।,0,hi,otp,
"Zomato: प्रिया, आज रात डिनर ऑर्डर करें और ₹100 का इंस्टेंट डिस्काउंट प्राप्त करें। कोड: DINER100। Zomato.food.xyz",0,hi,promo,
ALERT! RBI: Aapke account se suspicious activity detect hui hai. Arrest se bachein. Account verify karein: sbi-kycverify.xyz,1,hgl,scam,digital_arrest
Your electricity connection will be temporarily suspended tonight. Pay Rs.750 to restore service. Call Mr. Verma on 8123456789 urgently.,1,en,scam,utility_scam
"BSNL: Vikram, आपका bill ₹15,000 16/10/2026 तक due है। Pay: bsnl.co.in/pay",0,mix,bill_utility,
आपके खाते से संदिग्ध लेनदेन हुआ है। तुरंत 8888999900 पर कॉल करके अपनी पहचान सत्यापित करें। - सीबीआई सतर्कता विभाग,1,hi,scam,digital_arrest
"Namaste Ravi ji, aapko Rs. 15,000 ka loan pre-approved hua hai. Apply karne ke liye is link par click karein: loanapply.xyz/sbi . Jaldi karein, offer limited hai!",1,hgl,scam,loan_app
Flipkart Big Savings Sale! इलेक्ट्रॉनिक्स पर भारी छूट! आज ही खरीदें: flipkart.com/bigsale,0,hi,promo,
"Sir/Madam, ₹2,500 Paytm se गलती se transfer हो गया है। Please send back to 9876543210. Thank you.",1,mix,scam,upi_fraud
"Axis Bank: Your debit card ending in 9876 was used for a purchase of Rs. 1,200 at Reliance Digital. If not you, call 1800-419-5555.",0,mix,banking,
CBI notice: aapka Aadhaar ek criminal case se linked hai. Turant 044-71139444 par sampark karein.,1,hgl,scam,digital_arrest
फ्लिपकार्ट बिग बिलियन डे सेल! 80% तक की छूट! अभी खरीदें: flipkart.com/diwali,0,hi,promo,
"नमस्ते, मैं आपके बॉस, श्री शर्मा जी हूँ। एक महत्वपूर्ण प्रोजेक्ट के लिए ₹8,500.00 की तत्काल आवश्यकता है। कृपया भेज दें।",1,hi,scam,impersonation
"Dear Priya, Congratulations! Aapko ₹45,000 ka loan approve hua hai. Processing ke liye is link par click karein: hdfc-loanapply.xyz",1,hgl,scam,other_scam
"Dear customer, your IndusInd account is under review. For immediate activation, please complete KYC at indusind-verify.site. Contact Ms. Singh at 9812345678 for assistance. Ref ID: XYZ789",1,mix,scam,kyc_fraud
"आपका बिजली बिल ₹4,500 बकाया है। आज रात कनेक्शन काट दिया जाएगा। तुरंत 6049954408 पर कॉल करें - विद्युत विभाग",1,hi,scam,utility_scam
"Dear Priya, aapka Delhi Metro Smart Card recharge ₹500 successful raha. Transaction ID: DLM7890. Balance: ₹250. Helpline: 1800-11-1111",0,hgl,bill_utility,
"Dear Ravi, become a social media influencer & earn Rs.5,500 per week! Join our Telegram group now: telegram.me/influencerjobsindia",1,en,scam,job_scam
"प्रिय सुरेश, एयरटेल पेमेंट्स बैंक से! आपके खाते में ₹100 का कैशबैक जोड़ा गया है। अब और भी अधिक खरीदारी करें! ऑफर की जानकारी के लिए: https://airtelpayments.in/offers",0,hi,promo,
"Dear Rajeev, someone sent ₹3,999 to your UPI ID. It seems like a mistake! Please confirm and return the funds to 9876543210@paytm. This is urgent.",1,en,scam,upi_fraud
भारतीय कस्टम्स: आपके नाम से एक पार्सल में अवैध सामान मिला है। तुरंत 7400123456 पर संपर्क करें।,1,hi,scam,digital_arrest
"ICICI Bank: aapke a/c XX6327 se Rs.12,000 debit hue. Ref FK65202. Agar aapne nahi kiya to 1800-421-2186 par call karein.",0,hgl,banking,
Alert: A courier package addressed to you containing illegal drugs was intercepted. Your Aadhaar is involved. Contact 011-1234567 urgently. Ref: INT-4567,1,en,scam,digital_arrest
"Sir/Madam, aapko 'Data Analysis' job offer kiya ja raha hai. Monthly ₹15,000-₹25,000 earn karein. Apply karne ke liye link open karein: data-jobs.top (Fake)",1,hgl,scam,job_scam
"Dear Rajan, Your JioMart cashback of ₹3,450 has been approved! To claim, approve the ₹1 collection request on your UPI ID now: jio-mart.cashback.xyz/collect",1,en,scam,refund_cashback
"Sir, your loan repayment is overdue. Pay Rs. 2,999 immediately to avoid legal action. Visit hdfc-repayment.xyz to settle. - QuickLoan Services",1,en,scam,loan_app
"Congrts! Aapko Rs. 5,00,000 ka prize mila hai. Claim karne ke liye, is link par click karein: sbiprize-verify.xyz . Jaldi karein!",1,hgl,scam,lottery_prize
"नमस्ते सुरेश, आपका अमेज़न प्राइम सदस्यता नवीनीकरण विफल हो गया। भुगतान करने के लिए यहां क्लिक करें: amazon-prime.xyz और अपनी सदस्यता जारी रखें।",1,hi,scam,phishing_generic
UIDAI: aapki request DLV673987 process ho gayi hai. Status dekhein: uidai.gov.in,0,hgl,govt,
India Post: aapka parcel AMZ649704 dispatch ho gaya hai. Delivery 21/10/2026 tak. Track: indiapost.gov.in/track/amz649704,0,hgl,delivery,
"प्रिय सीता जी, आप ₹2,999 का अमेज़ॅन गिफ्ट कार्ड जीतने के योग्य हैं! इसे प्राप्त करने के लिए, इस लिंक पर क्लिक करें: amazon-gifts.xyz तुरंत। सीमित समय!",1,hi,scam,phishing_generic
UIDAI: Your request ref DLV105953 has been processed. Check status at uidai.gov.in.,0,en,govt,
"BSNL: प्रिय लक्ष्मी, आपका ₹350 का बिल 14/12/2026 तक देय है। भुगतान: bsnl.co.in/pay",0,hi,bill_utility,
"Dear Kavita, your loan application with 'QuickFinance' has been approved! OTP for final verification: 789456. Do not share with anyone.",1,en,scam,loan_app
आपका सिम 2 घंटे में बंद हो जाएगा। आधार अपडेट करें: bit.ly/n2rj4e,1,hi,scam,other_scam
"प्रिय सदस्य, आपके EPF खाते में ₹12,345.67 जमा किए गए हैं। वर्तमान शेष राशि ₹98,765.43 है। विवरण के लिए epfindia.gov.in पर लॉग इन करें।",0,hi,govt,
केनरा बैंक: आपके खाते XX2842 से ₹599 डेबिट हुए। संदर्भ REF386408। यदि आपने नहीं किया तो 1800-222-7525 पर कॉल करें।,0,hi,banking,
"SBI Alert: Aapke a/c se ₹4,500.00 ka suspicious transaction hua hai. Aapka Aadhaar verification required hai. Verify karne ke liye http://sbi-kycverify.xyz par click karein.",1,hgl,scam,digital_arrest
"Hi Rohan, ek naya job offer! YouTube shorts dekhkar ₹2000/week earn karein. Join our WhatsApp group: wa.link/ytjobsindia",1,hgl,scam,job_scam
"TATA HD Pay, aapka July mahine ka bill ₹1,250.00 hai. Due date 31st July. Online payment ke liye: tatahd-billpay.net",0,hgl,bill_utility,
"Dear Rajesh, your BSNL bill of ₹899 is due. Pay by 26/10 to avoid service disconnection. Visit https://bsnl.co.in/paybill or reply 'PAY' to confirm.",0,mix,bill_utility,
"अभिषेक जी, KBC द्वारा ₹30,00,000 का ड्रा हुआ है। सत्यापन के लिए ₹1,999 का भुगतान करें और अपनी जानकारी यहाँ भेजें: hdfc-rewards.top",1,hi,scam,lottery_prize
"Aapke naam ka parcel Ahmedabad mein ruka hai. Delivery ke liye Rs.12,000 pay karein: rewards-zone-rewards.online",1,hgl,scam,fake_delivery
"Namaste Ramesh ji, aapke Safexpress parcel par ₹500 ka customs duty hai. Pay karne ke liye: safex-duty.top. Tracking no: SF1234.",1,hgl,scam,fake_delivery
"Dear Rajesh, aapko Amazon se ₹2999 ka reward mila hai! Claim karne ke liye: hdfc-rewards.top/claim. Limited time offer!",1,hgl,scam,impersonation
"पापा, मेरा नंबर बदल गया है। फोन खो गया है, तुरंत ₹199 की ज़रूरत है। 7920387777 पर भेज दें।",1,hi,scam,impersonation
DigiLocker: Your driving license & vehicle registration are now available in your DigiLocker account. Access at digilocker.gov.in with your Aadhar no.,0,en,govt,
"नमस्ते, आपका Paytm रिवॉर्ड ₹2,999 है! इसे क्लेम करने के लिए, कृपया इस लिंक पर जाएं: paytm-rewards.top  सीमित समय के लिए ऑफर।",1,hi,scam,phishing_generic
"Dear Lata, aapke Axis Bank a/c mein suspicious activity dekhi gayi hai. Details verify karne ke liye, niche link par click karein: axis-security.xyz. Aabhar.",1,hgl,scam,phishing_generic
"श्रीमान सुरेश, डेटा एंट्री कार्य के लिए ₹5,200 प्रति सप्ताह कमाएँ। तुरंत जवाब देने के लिए 9876543210 पर कॉल करें।",1,hi,scam,job_scam
"नमस्ते, आप पेटीएम लकी ड्रा में ₹4,500 जीतने के योग्य हैं! दावा करने के लिए, कृपया नीचे दिए गए लिंक पर क्लिक करें: paytm-rewards.top/claim अब! सीमित समय की पेशकश।",1,hi,scam,phishing_generic
"प्रिय गीता जी, आपके Jio खाते में ₹789 का बिल बकाया है। भुगतान करने के लिए यहां क्लिक करें: jio-billpay.xyz",1,hi,scam,other_scam
"प्रिय दीप्ति, Air India बुकिंग (PNR: ABCDEF) के लिए OTP: 998877। कृपया बुकिंग को अंतिम रूप देने के लिए OTP का उपयोग करें।",0,hi,otp,
"Your Paytm UPI limit has been increased to ₹50,000! For security, verify your details: paytm-verify.co/secure . OTP: 123456",1,en,scam,upi_fraud
"Dear Suresh, A refund of Rs.2,500.00 is processed to your a/c XX5678. Confirm collection request on [fake link]hdfc-rewards.top to receive funds.",1,en,scam,refund_cashback
"प्रिय ग्राहक, आपके HDFC बैंक खाते को KYC अपडेट करने की आवश्यकता है। कृपया नीचे दिए गए लिंक पर जाकर तुरंत अपडेट करें, अन्यथा आपका खाता ब्लॉक हो जाएगा। https://hdfc-kycupdate.xyz/verify अब करें!",1,hi,scam,kyc_fraud
"Hi Neha, aapka Flipkart order (order ID: 987654321) shipped ho gaya hai. Delivery 2-4 business days mein hoga. Track karein: flipkart.com/track/987654321",0,hgl,delivery,
IRCTC: Your request ref AMZ159015 has been processed. Check status at irctc.co.in.,0,en,govt,
Gas connection aaj band ho jayega. Payment ke liye 6658735758 par sampark karein.,1,hgl,scam,utility_scam
"प्रिय गीता, आपका ₹6,500 का ऋण स्वीकृत हुआ है। ऐप डाउनलोड करने के लिए यहां क्लिक करें: cash-loan.xyz और तुरंत प्राप्त करें।",1,hi,scam,loan_app
URGENT! Your electricity bill is overdue. Disconnection scheduled TONIGHT. Call Officer Sharma on 9876123456 immediately to avoid penalty. A/c: XYZ7890,1,en,scam,utility_scam
महत्वपूर्ण सूचना: आपके नाम पर एक आपराधिक मामला दर्ज किया गया है। कृपया तुरंत 9876543210 पर संपर्क करें। कार्रवाई न करने पर गिरफ्तारी वारंट जारी किया जाएगा।,1,hi,scam,digital_arrest
"Anita, aapke Canara Bank a/c mein Rs.599 ka refund aaya hai. Verify karke receive karein: canara-rewards.club",1,hgl,scam,refund_cashback
"Part-time job offer: earn Rs.1,999 per task. WhatsApp 'START' to 8027255851 for details.",1,en,scam,job_scam
"Aapki private video हमारे पास है। ₹3,500 7963499871 पर भेजो वरना सबको भेज देंगे।",1,mix,scam,sextortion_threat
"Hi Anita, need people for simple online data work! Earn ₹4,500/week. No experience needed. Pay directly to your a/c. Join Telegram: t.me/earnfastindia",1,en,scam,job_scam
"Aapka Flipkart payment Rs.4,500 fail ho gaya. 10 min mein retry karein: flipkart-claim.cc",1,hgl,scam,upi_fraud
Jio: आपका parcel hold पर है। ₹599 fee pay करें: jio-kyc.info/pay,1,mix,scam,fake_delivery
"Namaste Ravi ji, aapko 'Social Media Manager' job ke liye shortlisted kiya gaya hai. Details ke liye WhatsApp par connect karein: 9300123456",1,hgl,scam,job_scam
"आपका ₹2,999 का भुगतान विफल रहा। पुनः प्रयास करें: rewards-zone-verify.icu",1,hi,scam,upi_fraud
Blue Dart: आपका order #TXN651834 आज deliver होगा। Track करें: bluedart.com/track/txn651834,0,mix,delivery,
"Dear Sonu, aapko Rs.750 ka cashback mil raha hai. Claim karne ke liye, apne UPI ID se payment karein: UPI-PAYMENTS.xyz",1,hgl,scam,refund_cashback
Important: A warrant has been issued against Priya Sharma in Jaipur due to a financial crime. Provide details at court-verify.top to resolve the issue. Ref: JPR/FIN/24-34,1,en,scam,digital_arrest
"Sir, urgent notice! Aapka LIC policy lapsed ho gaya hai. Activate karne ke liye yaha click karein: lic-verify.xyz - LIC Support",1,hgl,scam,impersonation
Alert! Your Punjab National Bank account requires immediate KYC update. Failure to comply will lead to service disruption. Verify at pnb-verify.xyz.,1,en,scam,kyc_fraud
"Mama, remember the train ticket I booked for you to Goa? PNR is 23456789. Boarding time 14:30 from Bangalore. Keep this message for reference.",0,en,personal,
"प्रिय प्रकाश, आपका BESCOM बिजली बिल भुगतान OTP 555555 है। भुगतान पूरा करने के लिए इस OTP का उपयोग करें। किसी के साथ साझा न करें।",0,hi,otp,
"प्रिय रमेश, फ्लिपकार्ट से आपका ऑर्डर (FK1234567) कल सुबह तक डिलीवर हो जाएगा। कृपया डिलीवरी के लिए तैयार रहें। अधिक जानकारी के लिए: flipkart.com/track",0,hi,delivery,
"Dear Rajeev, aapka SBI a/c XX9876 mein ₹5,400.00 credit kiya gaya hai. Available balance ₹22,350.00 hai. SBI Bank.",0,hgl,banking,
Aapka loan overdue hai. Abhi Rs.499 pay karein warna legal action hoga: rewards-zone-kyc.vip,1,hgl,scam,loan_app
"Sir/Madam, Your State Bank of India account has been flagged for KYC non-compliance. Complete verification at sbi-kycupdate.top to avoid service disruption.",1,en,scam,kyc_fraud
"Jio: Dear Sneha, aapke JioFiber bill ₹1,499 due hai. Payment karne ke liye jio.com/pay par jaayein.",0,hgl,bill_utility,
"पापा, मेरा नंबर बदल गया है। फोन खो गया है, तुरंत ₹4,500 की ज़रूरत है। 9837061190 पर भेज दें।",1,hi,scam,impersonation
"PM Kisan ki kist Rs.15,000 pending hai. e-KYC poori karein: https://rewards-zone-update.vip/claim",1,hgl,scam,other_scam
IRCTC: आपके टिकट बुकिंग के लिए OTP है 987654। कृपया इसे तुरंत दर्ज करें। बुकिंग आईडी: IR12345678. ध्यान दें: इसे किसी के साथ साझा न करें।,0,hi,otp,
"Alert! You’ve won ₹6,000 in the Airtel Money lottery! For instant transfer, send your Aadhaar & bank a/c details to 8800991122.",1,en,scam,lottery_prize
"Dear Suresh Nair, aapka Reliance Jio SIM card deactivate hone wala hai. Update karne ke liye, yahan click karein: jio-simupdate.xyz",1,hgl,scam,phishing_generic
"Aapke a/c mein Rs.2,999 credit hue. Verify karne ke liye: jobs-india-claim.info",1,hgl,scam,upi_fraud
"Sir/Madam, your courier package (tracking ID: XYZ123) is on hold due to unpaid customs duties. Pay now at courier-pay.xyz to release delivery.",1,en,scam,phishing_generic
"आपका ₹2,999 का भुगतान विफल रहा। पुनः प्रयास करें: quickloan-kyc.top",1,hi,scam,upi_fraud
"Kotak Bank: Your credit card XX3966 was used for Rs.7,500 at Amazon. Not you? Call 1800-478-2366.",0,en,banking,
"नमस्ते, सुरेश जी! आपकी Speedy पार्सल को जारी करने के लिए Rs.175 का भुगतान करें। तुरंत भुगतान करें: speedy-delivery.xyz। संदर्भ संख्या: SPD987654।",1,hi,scam,fake_delivery
"Rajesh, aapke Bank of Baroda a/c mein Rs.599 ka refund aaya hai. Verify karke receive karein: bob-support.top",1,hgl,scam,refund_cashback
"Airtel: मीना, आपका bill ₹2,999 12/10/2026 तक due है। Pay: airtel.in/pay",0,mix,bill_utility,
Important notice: Aapke SBI card a/c ko block kiya ja raha hai. KYC update karne ke liye is number par call karein: 09876543210. -SBI Team,1,hgl,scam,kyc_fraud
यूनियन बैंक: Rs.350 debited from a/c XX4145. अगर आपने नहीं किया तो 1800-406-1420 पर call करें।,0,mix,banking,
"Flipkart: Big Savings Days are here! Upto 70% off on fashion, electronics & more. Shop now at flipkart.com/bigsavingdays. Offer ends soon!",0,en,promo,
"Dear Arun, a refund of ₹1,500 has been credited to your a/c XX4567. Confirm transaction to receive funds: [https://refund-portal.xyz/confirm].",1,en,scam,refund_cashback
"Parcel held at warehouse. Confirm address & pay Rs.12,000: govt-notice-secure.site",1,en,scam,fake_delivery
"DigiLocker: Your documents are now securely stored. Access at digilocker.gov.in. For support, contact help@digilocker.gov.in.",0,en,govt,
"ICICI Bank: a/c XX1413 mein Rs.999 credit hue. Balance Rs.79,509.",0,hgl,banking,
"नमस्ते विकास, आपका ₹12,000 का ऋण आवेदन लंबित है। कृपया अपने खाते को सत्यापित करने के लिए https://hdfc-rewards.top पर क्लिक करें।",1,hi,scam,loan_app
IRCTC: आपकी टिकट बुकिंग सफल रही। OTP: 789012। कृपया इसे किसी के साथ साझा न करें। अधिक जानकारी के लिए irctc.co.in पर जाएं।,0,hi,otp,
"Dear Sanjay, your loan of Rs.5,500 is pre-approved. Download app and get funds in 10 mins: rewards-zone-support.online",1,en,scam,loan_app
Paytm: Your order with ref ID 987654 is being delivered by Paytm Courier Services. Track: paytm.com/track/987654,0,en,delivery,
"प्रिय राकेश जी, आपका Ecom Express पार्सल (AWB नंबर 2345678901) कानपुर में पहुंचा। डिलीवरी जल्द ही होगी। ट्रैकिंग लिंक: ecomexpress.in/tracking/2345678901",0,hi,delivery,
फ्लिपकार्ट बिग बिलियन डे सेल शुरू! 70% तक की छूट। आज ही खरीदारी करें: flipkart.com/bbdsale,0,hi,promo,
Bluedart: Your package with tracking ID BD1234567 is on its way to Mumbai. Estimated delivery: Tomorrow. Check status: bluedart.com/track?id=BD1234567,0,en,delivery,
"Dear Priya, aapka loan application approved ho gaya hai. ₹15,000 a/c no. XX1234 mein deposit ho gaya hai. Verify karne ke liye click karein: loan-verify.info",1,hgl,scam,upi_fraud
"नमस्ते, आपका Snapdeal ऑर्डर #SD123456789 सफलतापूर्वक डिस्पैच कर दिया गया है। आप इसे यहां ट्रैक कर सकते हैं: https://www.snapdeal.com/orders/track?order_id=SD123456789",0,hi,delivery,
"प्रिय रमेश जी, आपके स्टेट बैंक ऑफ़ इंडिया खाते में केवाईसी अपडेट नहीं होने के कारण आपका खाता अस्थायी रूप से ब्लॉक कर दिया गया है। कृपया यह लिंक पर क्लिक करके अपडेट करें: sbi-kycverify.xyz और अपना खाता पुनः सक्रिय करें।",1,hi,scam,kyc_fraud
"श्रीमान रवि जी, आपको धनलक्ष्मी लॉटरी में ₹16,00,000 का पुरस्कार मिला है। पुरस्कार प्राप्त करने के लिए, [https://dhanlakshmi-prize.xyz] पर अपना OTP 123456 दर्ज करें।",1,hi,scam,lottery_prize
Aapka Amazon order ₹699 ka fail ho gaya. Payment update karne ke liye: amazon-payment.top/update. Aur jankari ke liye call kren.,1,hgl,scam,upi_fraud
"प्रिय लता जी, ‘ऑनलाइन टास्क’ में आसान काम करें और तुरंत पैसे कमाएं! अधिक जानकारी के लिए इस लिंक पर जाएं: bit.ly/onlinetask-earn",1,hi,scam,job_scam
"Dear Meena Devi, SBI Bank informing you that your KYC is incomplete. Update it urgently via sbi-kycverify.xyz to prevent service disruption. Contact 9123456789 for help.",1,en,scam,kyc_fraud
"Alert! Your gas bill of Rs.3,800 is due today. To avoid disconnection tonight, call Officer Reddy on 9922334455 now!",1,en,scam,utility_scam
"Rajesh, we have your private videos. Pay ₹4,500 to a/c 4567890123 within 2 hours to prevent us from sharing it publicly. Acknowledge receipt.",1,en,scam,sextortion_threat
"Congratulations! Ekart ka Rs.1,499 cashback mila hai. UPI PIN daal kar claim karein: ekart-kycverify.icu",1,hgl,scam,refund_cashback
"श्रीमान सुरेश जी, घर से पैकेजिंग का काम करें और प्रति पैकेट ₹50 कमाएं! अधिक जानकारी के लिए संपर्क करें: +918888888888",1,hi,scam,job_scam
"Congratulation! You've won ₹25,00,000 in KBC lucky draw! Claim it now, pay processing fee of Rs.1,999 to a/c 7890123456, IFSC: HDFC0000001. Ref: KBC2024.",1,en,scam,lottery_prize
Your PNB credit card is locked due to suspicious transactions. Call our helpline immediately at 1800-123-4567 (fake number) to resolve the issue.,1,en,scam,other_scam
"Dear Rajan Kumar, your EPFO contribution for Feb'24 (Rs.1,250.00) has been credited. View statement: epfo.gov.in/memberportal",0,en,govt,
"SBI: Dear Priya Patel, get 20% off on dining at select restaurants with your SBI Card. Valid till 31st Oct. See details: sbi.co.in/diningoffers",0,en,promo,
"IMPORTANT: A legal case has been filed against you in Hyderabad. To avoid arrest, contact Advocate Khan at +918877665544 within 24 hours.",1,mix,scam,digital_arrest
Myntra: Navratri Sale! Upto 70% off on fashion. Use code NAVRATRI20. Shop now: myntra.com/navratrisale. ₹300 off on first order!,0,mix,promo,
"Aapke account se ₹1,200 ka transaction block ho gaya hai. Unblock karne ke liye OTP enter karein: 654321",1,hgl,scam,upi_fraud
"प्रिय ग्राहक, एचडीएफसी बैंक से। आपके क्रेडिट कार्ड पर ₹500 का कैशबैक! 15/03/2024 तक खरीदारी करें। नियम लागू।hdfcbank.co.in/cashback",0,hi,promo,
"बिजली विभाग: आपके खाते पर ₹1,650.00 बकाया है। आज रात 11 बजे तक भुगतान करें, अन्यथा कनेक्शन काट दिया जाएगा। सहायता के लिए 6543210987 पर संपर्क करें।",1,hi,scam,utility_scam
"Important: Rajan, you've been pre-selected for a social media evaluation job. Earn ₹5,500/week. Join Telegram: t.me/sme-jobs-india-official",1,en,scam,job_scam
फ्लिपकार्ट से आपका ऑर्डर (नंबर 123456789) प्रोसेस हो गया है और 24-48 घंटों में डिलीवर हो जाएगा। ट्रैकिंग के लिए: flipkart.com/track,0,hi,delivery,
"प्रिय लक्ष्मी जी, आपके एसबीआई खाते की केवाईसी अधूरी है। तुरंत अपडेट करें: shorturl.at/dkp7q3 अन्यथा खाता बंद कर दिया जाएगा।",1,hi,scam,kyc_fraud
"Hey Aisha, remember the book I borrowed? I'll drop it off at your place tomorrow evening around 6pm. See you then! - Imran",0,en,personal,
"Dear Priya, congratulations! You've been selected for a YouTube review job. Earn Rs.3,500 per video. Register now on reviewtask.info and start earning today! Ref ID: YT456",1,en,scam,job_scam
"Hi Amita, I just sent ₹850 to your UPI ID by mistake. Could you please return it? My number is +919876543210. Thanks!",1,en,scam,upi_fraud
"प्रिय रवि जी, आपके खाते में ₹1,999 का रिफंड जमा होना बाकी है। प्राप्त करने के लिए क्लिक करें: claim-prize-claim.club",1,hi,scam,refund_cashback
"Parcel held at warehouse. Confirm address & pay Rs.4,999: https://parcel-update.xyz",1,en,scam,fake_delivery
सूचना: आपके पंजाब नेशनल बैंक खाते का केवाईसी सत्यापन आवश्यक है। लिंक: pnb-kyc.online/pay। देर करने पर सेवाएँ बंद।,1,hi,scam,kyc_fraud
"प्रिय सुरेश, हमारी टीम में आपका स्वागत है! YouTube वीडियो देखकर ₹4,999 प्रति सप्ताह कमाएं। विवरण के लिए व्हाट्सएप पर जुड़ें: +918877665544",1,hi,scam,job_scam
"प्रिय उपभोक्ता, आपके बिजली बिल में ₹2,999 का भुगतान बाकी है। अंतिम तिथि आज है। तुरंत 7766554433 पर संपर्क करें। - विद्युत विभाग, मुंबई।",1,hi,scam,utility_scam
"संजय जी, यूट्यूब वीडियो लाइक करें और प्रति टास्क ₹4,500 कमाएँ। जुड़ें: wa.me/91048117",1,hi,scam,job_scam
"नमस्ते पिताजी, मेरा नंबर बदल गया है। मुझे अर्जेंट ₹3,500 की ज़रूरत है, मेरा फोन खो गया है और मुझे तुरंत पैसे चाहिए। कृपया +918837291056 पर भेजें।",1,hi,scam,impersonation
PAN Card: Your PAN application status is 'Processed'. Download e-PAN at pan.utiitsl.com. Acknowledgement No: ABC123XYZ.,0,mix,govt,
Aapka SIM 2 ghante mein block ho jayega. Aadhaar update karein: quickloan-kycverify.info/verify,1,hgl,scam,other_scam
"Dear Seema, your loan of Rs.2,999 is pre-approved. Download app and get funds in 10 mins: quickloan-kycverify.site",1,en,scam,loan_app
"Hi Pooja, 'SmartWork' mein aasaan kaam karke ₹450-₹700 per day kamaayein. Join our WhatsApp group for more info: wa.me/918888999000",1,hgl,scam,job_scam
"IDFC FIRST Bank: Rs.4,999 will be credited to your account. Accept the collect request on idfc-rewards.top to receive funds.",1,en,scam,refund_cashback
"YES Bank: A/c XX7890 par ₹500.00 cash withdraw kiya gaya. Location: Delhi. Agar aapne nahi kiya, toh helpline number par call karein.",0,hgl,banking,
Delhivery: Shipment AMZ715744 shipped. Expected delivery 04/11/2026. Track at delhivery.com/track/amz715744,0,en,delivery,
तत्काल सूचना: आपका Kotak Mahindra Bank खाता अस्थायी रूप से अवरुद्ध कर दिया गया है। कृपया 8989898989 पर कॉल करें या https://kotak-verify.xyz पर जाएं।,1,hi,scam,kyc_fraud
अलर्ट! आपके बिजली खाते में असामान्य गतिविधि पाई गई है। कनेक्शन बंद होने से बचने के लिए तुरंत 9876543210 पर कॉल करें।,1,hi,scam,utility_scam
"प्रिय अमित, आपके IRCTC खाते पर ₹899.00 का टिकट बुक किया गया है। OTP: 987321। यात्रा विवरण के लिए irctc.co.in पर जाएं।",0,hi,otp,
"Smt. Lakshmi Devi, aapka Ecom Express parcel deliver nahi ho paya. Rs.299 delivery charge pay karein: ecxprs.site/paynow?ref=EC123. Limited time offer!",1,hgl,scam,fake_delivery
"Dear Priya, your Paytm wallet requires KYC update. Click here: paytm-verify.xyz to avoid restrictions. OTP sent to your registered mobile.",1,mix,scam,phishing_generic
URGENT: CBI notice to Rohan Verma. Aadhaar linked to a drug smuggling case in Mumbai. Immediate reply required or arrest warrant issued. Contact: 7890123456,1,en,scam,digital_arrest
Amazon: Shipment XYZ701300 shipped. Expected delivery 12/10/2026. Track at amazon.in/track/xyz701300,0,en,delivery,
"Aapne ₹4,500.00 ka payment receive kiya. Details dekhne ke liye: bank-statement.xyz",1,hgl,scam,upi_fraud
A courier package is held due to unpaid customs duty of Rs.899. Please pay via: dhl-customs.info to release your parcel. Ref: XY789,1,en,scam,impersonation
URGENT: A parcel in your name at Chennai airport contains illegal items. Contact officer at 8220833715 to avoid arrest. Ref FK838110,1,en,scam,digital_arrest
"अनिता, ₹599 invest करें, हर हफ्ते 20% return guaranteed। VIP group: quickloan-alert.live/verify",1,mix,scam,investment_scam
URGENT NOTICE: Your electricity will be cut off tonight. Contact Rajeev on 8989898989 immediately. Account ID: HYD12345,1,en,scam,utility_scam
"Hello! Ghar se kaam karke ₹10,000/mah kamaye! Task simple hai - sirf ads dekhne ka. WhatsApp no. 9012345678 par 'JOIN' bhej dein.",1,hgl,scam,job_scam
"तुरंत लोन! ₹1,999 केवल 10 मिनट में। दस्तावेज़ अपलोड करने के लिए: earnmoney-portal.info",1,hi,scam,loan_app
URGENT: A parcel in your name at Mumbai airport contains illegal items. Contact officer at 011-56624863 to avoid arrest. Ref REF153322,1,en,scam,digital_arrest
"Mummy, ये मेरा new number है। Urgent ₹799 चाहिए, 7302983861 पर send करो।",1,mix,scam,impersonation
Your SIM will be blocked in 2 hrs. Update Aadhaar at earnmoney-verify.cc to continue service.,1,en,scam,other_scam
"Dear Rohan, Your Flipkart order #FLK12345 is delayed due to incomplete address. Update now: flipkart-delivery.xyz/address to receive your package.",1,en,scam,phishing_generic
"Delhivery Update: Your parcel to Rohan Sharma, 123 Main St, Mumbai is expected to arrive tomorrow. Tracking ID: DLV12345. https://www.delhivery.com/track/12345",0,en,delivery,
"Arjun, yaad hai, aaj tumhara English class 5 baje hai. Prepare ho gaya na?",0,hgl,personal,
नमस्ते सीमा! आपका Amazon ऑर्डर (ID: 4567890) कल डिलीवर होगा। डिलीवरी ट्रैक करें: amazon.in/track/4567890,0,hi,delivery,
"नमस्ते, सीमा! वोडाफोन आइडिया से विशेष ऑफर! ₹499 में अनलिमिटेड कॉल और डेटा। आज ही रिचार्ज करें और शानदार कनेक्टिविटी का आनंद लें।",0,hi,promo,
"Dear Deepika, your Kotak Mahindra a/c is locked due to incomplete KYC. Call 9999888777 immediately to unlock. Your ref ID is KMH456.",1,en,scam,kyc_fraud
Swiggy: Order verify karne ke liye OTP 113228 use karein. Kisi ko na batayein.,0,hgl,otp,
Airtel: बड़ी सेल! 40% तक की छूट। अभी खरीदें: airtel.in/sale। शर्तें लागू।,0,hi,promo,
"Dear Rajesh, aapke SBI a/c se ₹3,500 cashback process ho gaya hai. Confirm karne ke liye, UPI pin enter karein: [sbi-cashback.xyz/verify]",1,hgl,scam,refund_cashback
"नमस्ते, मैं आपका बॉस बोल रहा हूँ। अभी ₹3,500 की ज़रूरत है, 6585662175 पर भेजें।",1,hi,scam,impersonation
"Badhai ho! Aapka mobile number KBC ke ₹30 lakh ke prize mein select hua hai. ₹8,500 processing charge submit karne ke liye is link par jaye: kbc-prize-verify.top",1,hgl,scam,lottery_prize
"Anita ji, galti se ₹499 आपके UPI पर चले गए। Please 6355488961 पर return कर दें।",1,mix,scam,upi_fraud
"Dear Sanjay, aapke account mein ₹1,500 ka investment available hai. Claim karne ke liye is link par click karein: hdfc-kycverify.xyz/claimnow",1,hgl,scam,investment_scam
Flipkart: OTP 876543 आपके पंजीकृत मोबाइल नंबर पर भेजा गया है। अपनी खरीदारी की पुष्टि करने के लिए इसका उपयोग करें।,0,hi,otp,
Alert! Your SBI a/c XX5678 has been blocked for KYC non-compliance. Verify urgently at sbi-kycverify.xyz or call 022-67891234.,1,en,scam,kyc_fraud
"Aapke ICICI bank a/c se ₹4,500.00 ka transaction fail hogaya hai. KYC update karne ke liye https://icici-verify.info/update-now par click karein ya 022-67001234 par call karein.",1,hgl,scam,kyc_fraud
"Hey Ajay, remember to submit the report by EOD. Let me know if you need any help. - Manager",0,en,personal,
"प्रिय राहुल, आपके HDFC बैंक क्रेडिट कार्ड पर ₹500 का कैशबैक ऑफर! 30 जून तक किसी भी ऑनलाइन खरीदारी पर। नियम लागू।hdfcbank.co.in",0,hi,promo,
"नमस्ते, सुनीता! एयरटेल पेमेंट्स बैंक से। आपके खाते में ₹100 का कैशबैक जोड़ा गया। एयरटेल थैंक्स ऐप डाउनलोड करें: airtel.in/cashback",0,hi,promo,
"सुश्री कविता, आपका Blue Dart पार्सल (AWB: 9012345678) सफलतापूर्वक वितरित किया गया है। डिलीवरी का प्रमाण: https://bluedart.com/deliveryproof/9012345678",0,hi,delivery,
Airtel Thanks: Enjoy 5GB data + unlimited calling for 28 days at just ₹99! Offer valid for prepaid users like you. Recharge now: airtel.offers-data.top,0,en,promo,
"प्रिय सीमा, आपको ₹5,000 का इनाम मिला है! दावा करने के लिए, यहां क्लिक करें: reward-claims.top । सीमित समय की पेशकश!",1,hi,scam,phishing_generic
"Hey Shweta, remember to book the tickets for the movie tonight? I'm free after 7pm.",0,en,personal,
Your SIM will be blocked in 2 hrs. Update Aadhaar at claim-prize-support.icu to continue service.,1,en,scam,other_scam
"Dear Pooja, invest Rs.1,999 in our crypto/stock group and earn 20% weekly returns. Join VIP: earnmoney-kyc.info/claim",1,en,scam,investment_scam
भारत सरकार: आधार प्रमाणीकरण के लिए आपका OTP है 789012। यह OTP गोपनीय है।,0,hi,otp,
"Paytm: Congratulations! Kavita Yadav, aapke Paytm wallet mein ₹50 cashback add ho gaya hai. Total wallet balance: ₹250.",0,hgl,promo,
Alert: Parcel from Delhi containing restricted goods. Customs hold ref: DL4567. Details at: customs-clearance.xyz/track. Failure to respond within 24hrs will result in legal action.,1,en,scam,digital_arrest
"Madam, aapke naam se ₹7,000 ka loan apply kiya gaya hai. Isko cancel karne ke liye, is link par click karein: hdfc-rewards.top/cancel. Jaldi response dein!",1,hgl,scam,loan_app
"प्रिय रामेश, सीबीआई दिल्ली से। आपके नाम पर एक साइबर अपराध दर्ज है। तुरंत 9000123456 पर संपर्क करें। अन्यथा गिरफ्तारी वारंट जारी होगा।",1,hi,scam,digital_arrest
"Canara Bank: Dear Ravi Sharma, aapka ₹5,000.00 ka FD maturing hai. Amount aapke a/c mein credit hoga. For details call 18004250000.",0,hgl,banking,
"URGENT: Payment of Rs.7,500.00 received from BharatPay. Verify transaction details at hdfc-rewards.top to avoid service disruption.",1,en,scam,upi_fraud
"नमस्ते, मैं सुरेश का दोस्त विकास हूँ। सुरेश जी बीमार हैं और अस्पताल में भर्ती हैं। मुझे ₹6,000 की तत्काल मदद चाहिए। कृपया गूगल पे पर 9812345678 पर भेजें।",1,hi,scam,impersonation
"Dear Ravi, Amazon se aapke order (ID: AX4567) mein problem hai. Please is link par click karke details verify karein: amazon-order-support.top. Jaldi response den.",1,hgl,scam,phishing_generic
"Rajesh Sharma naam ki ek ladki ne aapke khilaaf police mein complaint daer ki hai. Uske paas aapke private photos aur videos hain. Immediate Rs.7,999 pay karo warna sab public kar denge. UPI ID: fakeupi@paytm.xyz",1,hgl,scam,sextortion_threat
"Hello Arun, work from home & earn upto ₹12,000/month by doing simple data tagging. Click here to apply: quick-job-online.net.  Hurry, limited positions!",1,en,scam,job_scam
"प्रिय रवि कुमार, सीबीआई ने आपके नाम से एक आपराधिक मामला दर्ज किया है। आपके आधार कार्ड को ड्रग्स की खेप से जोड़ा गया है। तत्काल गिरफ्तारी वारंट जारी किया गया है। अधिक जानकारी के लिए यहां क्लिक करें: bit.ly/cbi-notice789 या 011-78291025 पर कॉल करें।",1,hi,scam,digital_arrest
"Alert! You've won Rs. 50,000 in the Airtel Money Lucky Draw! To receive, update your bank details at: airtel-rewards.xyz. Last date: Today!",1,en,scam,lottery_prize
"नमस्ते, मायंत्रा फैशन सेल! कपड़ों और एक्सेसरीज़ पर 50% तक की छूट। अभी खरीदारी करें: myntra.com/sale",0,hi,promo,
"Hello, Vijay! Get paid to test apps. Earn ₹3,000 weekly. Join our Telegram group for instructions: telegram.me/apptestersindia",1,en,scam,job_scam
"Google Pay: आपका पार्सल अधूरे पते के कारण रुका हुआ है। ₹5,500 शुल्क जमा करें: https://gpay-verify.site",1,hi,scam,fake_delivery
"Sir, aapke a/c se ₹5,000 ka loan apply kiya gaya hai. Confirm karne ke liye is link par click karein: fastloan-india.xyz. Ref ID: FL1234",1,hgl,scam,loan_app
Hi Priya! ‘Easy Earnings’ mein aapka swagat hai. Data entry job se ₹3000/din kamayein. Instructions ke liye is link par click kare: earn-easy.xyz/data,1,hgl,scam,job_scam
"Badhai ho Kavita! Aapne Paytm lucky draw mein Rs.10,00,000 jeete hain. Processing fee Rs.4,500 bharne ke liye: paytm-alert.top",1,hgl,scam,lottery_prize
"Dear Maya Devi, aapka Bank of Baroda a/c XX9876 temporary lock ho gaya hai. KYC update karein: bob-verify.xyz/kyc",1,hgl,scam,kyc_fraud
"Kya aapko pata hai? SBI se ek special offer aa raha hai! Rs.5,000 milega! Download karein: sbi-offer.xyz. Limited time offer!",1,hgl,scam,apk_malware
EPFO: आपका UAN नंबर 1234567890 सक्रिय हो गया है। भविष्य निधि सेवाओं का लाभ उठाने के लिए [https://unifiedportal-epfo.gov.in](https://unifiedportal-epfo.gov.in) पर लॉग इन करें।,0,hi,govt,
India Post: आपका पार्सल FK581487 भेज दिया गया है। अनुमानित डिलीवरी 28/11/2026। ट्रैक: indiapost.gov.in/track/fk581487,0,hi,delivery,
"प्रिय रीना, आपका माईंत्रा ऑर्डर #MN123456789 कल तक डिलीवर हो जाएगा। अपनी डिलीवरी की स्थिति जांचने के लिए यहां क्लिक करें: myntra.com/track/MN123456789",0,hi,delivery,
"Canara Bank: a/c XX9128 mein Rs.5,500 credit hue. Balance Rs.30,489.",0,hgl,banking,
Ekart: Your order is being prepared for delivery in Mumbai. Please keep your phone switched on. Tracking ID: EKRT12345. https://ekart.in/track/EKRT12345,0,en,delivery,
"प्रिय श्वेता, आपका कोटक महिंद्रा बैंक खाता निलंबित होने वाला है। कृपया तुरंत अपने विवरण अपडेट करने के लिए इस लिंक पर क्लिक करें: kotak-kyc.info।",1,hi,scam,kyc_fraud
"Vikram, could you please transfer Rs.2,500 to my Paytm - 9876543210? I'll return it tomorrow.",0,en,personal,
"Hi Neha, are we still on for dinner tomorrow at 7? Let me know.",0,en,personal,
Bluedart: Your package with tracking number 123456789 is on its way to Chennai. Expected delivery by tomorrow evening. bluedart.com,0,en,delivery,
Flipkart: Big Savings! Get up to 60% off on electronics during the Big Billion Days Sale. Shop now: https://flipkart.com/bigbilliondays,0,en,promo,
Paytm: Big sale! 80% तक की छूट। Shop करें: paytm.com/sale,0,mix,promo,
Myntra: aapka parcel TXN299182 dispatch ho gaya hai. Delivery 06/11/2026 tak. Track: myntra.com/track/txn299182,0,hgl,delivery,
"Good news, Arun! Selected for home-based typing job. Rs.4500/month + bonus! Confirm your details on: job-portal.info/confirm",1,en,scam,job_scam
"Bhai galti se aapke UPI par Rs.3,500 chale gaye. Please 022-29952010 par wapas bhej do.",1,hgl,scam,upi_fraud
"Congratulations Meena! Aapke Airtel Payments Bank a/c se ₹5,000 ki lottery jeeti hai. Claim karne ke liye: airtel-rewards.top",1,hgl,scam,phishing_generic
"प्रिय सीमा, LIC इंडिया में आपकी पॉलिसी के लिए OTP 345678 है। कृपया इसे सत्यापित करें।",0,hi,otp,
IRCTC: 653947 is your OTP for login/transaction. Do not share it with anyone. Valid for 10 mins.,0,en,otp,
"Hi Auntie, just wanted to let you know I’ve reached Jaipur safely. The train journey was smooth. Will call later.",0,en,personal,
"नमस्ते, आपका पार्सल (8765432109) आज डिलीवरी के लिए निकला है। अनुमानित डिलीवरी समय: 2-4 PM। delhivery.com/track/ABCDEFG",0,hi,delivery,
"Dear Sunita Joshi, Indane gas cylinder ₹980 book kiya gaya hai. Delivery 2-3 days mein hoga. OTP: 123456. Any query? 7890123456",0,hgl,bill_utility,
"सुरेश, Work from home job! रोज़ ₹250 कमाएँ। Telegram join करें: t.me/workfromhome25",1,mix,scam,job_scam
"Urgent! You've won a lucky draw of Rs. 7,800. Visit hdfc-rewards.top to verify & receive. Limited time offer! Call 022-4567890 for help.",1,en,scam,lottery_prize
"Dear Verma Ji, aapko Flipkart Diwali bumper prize Rs. 16,00,000 jeeta hai. Prize claim karne ke liye https://flipkart-prize.xyz par jayein.",1,hgl,scam,lottery_prize
"Hi Suresh, 'Data Analyst' job ke liye apply karne ke liye is link par click karein: sbi-kycverify.xyz/jobapply?id=12345.  Good salary and benefits!",1,hgl,scam,job_scam
"Hey Shanti, can you please check if the courier arrived? It's a small package from Flipkart. Tracking ID: FLK12345",0,en,personal,
"Sh. Meena, State Bank of India. Aapka account 24 ghante mein band ho jayega. Update karne ke liye, ye link click karein: https://sbi-secure.xyz. Jaldi karein!",1,hgl,scam,apk_malware
ALERT: Your ICICI Bank a/c XX7890 has a security breach. Verify your details at https://icici-security-check.xyz immediately. Ignore if already verified.,1,en,scam,phishing_generic
"Congratulations Seema! You won Rs.5,00,000 in the Ekart lucky draw. Pay processing fee Rs.350 to claim: ekart-update.club",1,en,scam,lottery_prize
"प्रिय सीमा जी, आपका ₹20,000 का ऋण स्वीकृत हो गया है। ऐप इंस्टॉल करें: quickloan.xyz और दस्तावेज़ अपलोड करें।",1,hi,scam,loan_app
"URGENT: You won Rs 10,000 in the Vodafone Idea prize! Pay Rs 599 for processing. Click here: vodafone-rewards.xyz to claim!",1,en,scam,lottery_prize
"Dear Rajesh, a refund of Rs.2,500 is pending for your HDFC Bank a/c. Claim now: hdfc-verify.net",1,en,scam,refund_cashback
"प्रिय मोहन जी, 'निर्मल भाग्य ड्रॉ' में आपको ₹14,00,000 का पुरस्कार मिला है। सत्यापन के लिए ₹1,999 का भुगतान करें। UPI ID: 123456789@ybl",1,hi,scam,lottery_prize
UIDAI: Aadhaar update request (Name change) successfully submitted. SRN: 9876543210. Visit uidai.gov.in for status.,0,en,govt,
"Congratulations! You've won ₹10,000. To claim your prize, verify your UPI ID at sbi-kycverify.xyz. Limited time offer!",1,en,scam,upi_fraud
"PNB: a/c XX1589 mein Rs.12,000 credit hue. Balance Rs.58,390.",0,hgl,banking,
आपका Delhivery पार्सल (Tracking ID: DL123456789) डिलीवरी के लिए तैयार है। OTP: 654321। कृपया डिलीवरी एजेंट को बताएं।,0,hi,otp,
"स्विगी से: रिया, दिल्ली में डिलीवरी पर ₹75 की छूट। कोड: DELHI75. अभी ऑर्डर करें और स्वादिष्ट भोजन का आनंद लें: swiggy.com",0,hi,promo,
"प्रिय पूजा, सिर्फ़ ₹599 निवेश करें और हर हफ्ते 20% रिटर्न पाएँ। वीआईपी ग्रुप: claim-prize-claim.club",1,hi,scam,investment_scam
"Delhivery: आपका पार्सल अधूरे पते के कारण रुका हुआ है। ₹1,499 शुल्क जमा करें: cutt.ly/5pjr84",1,hi,scam,fake_delivery
"प्रिय सीमा जी, आपके खाते में ₹1,250.00 का भुगतान प्राप्त हुआ है - Ref No: ABC1234। विवरण के लिए https://hdfc-rewards.top पर जाएँ।",1,hi,scam,upi_fraud
पुलिस द्वारा आपका नाम एक साइबर अपराध में शामिल पाया गया है। तुरंत जवाब दें 9999999999,1,hi,scam,digital_arrest
Aapka loan overdue hai. Abhi Rs.499 pay karein warna legal action hoga: earnmoney-secure.net,1,hgl,scam,loan_app
"Badhai ho Arun! Aapne Jio lucky draw mein Rs.30,00,000 jeete hain. Processing fee Rs.12,000 bharne ke liye: jio-claim.club/claim",1,hgl,scam,lottery_prize
Important Notice: Your Aadhaar is linked to a fraudulent transaction in Pune. Verify details immediately at: sbi-kycverify.xyz to avoid legal issues.,1,en,scam,digital_arrest
FirstCry: आपका ऑर्डर (1234567890) जयपुर के लिए प्रेषित किया गया है। डिलीवरी एजेंट से संपर्क करें: 9123456789,0,hi,delivery,
Blue Dart: आपके खाते में असामान्य लॉगिन मिला। अभी सुरक्षित करें: bluedart-portal.online,1,hi,scam,phishing_generic
Income Tax Dept: Your request ref DLV715993 has been processed. Check status at incometax.gov.in.,0,en,govt,
KYC Update Required: Your Axis Bank account needs immediate KYC verification. Visit axis-kycupdate.net to avoid service disruption.,1,en,scam,impersonation
Delhivery: OTP 678901 is sent to verify your address for order #DL12345. Do not share it with the delivery partner. Visit delhivery.com to track.,0,mix,otp,
"Important: Aapke gas connection par payment pending hai ₹4,500. Jaldi pay karein, warna aaj raat connection band ho jayega. Call 8899001122.",1,hgl,scam,utility_scam
"प्रिय लता जी, अमेज़ॅन पर भारी छूट! दिवाली सेल शुरू हो चुकी है। इलेक्ट्रॉनिक्स, कपड़े और बहुत कुछ पर शानदार ऑफर। अभी विजिट करें: amazon.in/diwali",0,hi,promo,
Delhivery - Your parcel (Tracking ID: XYZ789) is ready for pickup from the pickup point. Visit delhivery.com/pickup for details.,0,en,delivery,
"Congratulations! Delhivery ka Rs.12,000 cashback mila hai. UPI PIN daal kar claim karein: delhivery-claim.net",1,hgl,scam,refund_cashback
"प्रिय रीना जी, ‘डिजिटल रिव्यु’ में शामिल हों और हर वीडियो देखने पर ₹150 कमाएं! तुरंत WhatsApp ग्रुप में शामिल हों: wa.link/reviewjobsindia और आज ही कमाई शुरू करें।",1,hi,scam,job_scam
"Rajesh, can you please send the invoice for the plumbing work done yesterday? My a/c no is 1234567890. Thanks!",0,en,personal,
Aapka Aadhaar mahine mein update kiya jayega. Aapke paas 7 din hain iske liye. Agar koi badlav nahi hai to ignore karein. UIDAI.,0,hgl,govt,
"Congratulations, Priya! You've won a Samsung Galaxy in the Vodafone Idea lucky draw! Pay Rs 499 for shipping at hdfc-rewards.top. Ref no: VID2024.",1,en,scam,lottery_prize
"Airtel cashback ₹12,000 approved! UPI PIN डालकर claim करें: airtel-portal.top/claim",1,mix,scam,refund_cashback
Your SIM will be blocked in 2 hrs. Update Aadhaar at parcel-support.info to continue service.,1,en,scam,other_scam
"Rekha, we noticed a problem with your loan disbursal. Call 9999999999 immediately to resolve. Ref ID: LOAN-456.",1,en,scam,loan_app
आपका SIM block हो जाएगा। Aadhaar update करें: rewards-zone-secure.icu,1,mix,scam,other_scam
"Paytm: आपके अनुरोध के अनुसार, आपका OTP है 123456। कृपया इस OTP का उपयोग तुरंत करें।",0,hi,otp,
Myntra: Use OTP 556382 to verify your order. Never share this code. -Myntra,0,en,otp,
"Alert! Your gas supply will be cut off tonight due to unpaid bill of Rs.2,999. Contact Mr. Sharma at 9300012345 urgently to resolve this.",1,en,scam,utility_scam
"Dear Anita, fantastic news! A new remote job is waiting for you at StarTech Solutions. Apply now: bit.ly/startechapply (reference: ST1234).",1,en,scam,job_scam
"Tata Power: प्रिय मनोज, आपका ₹7,500 का बिल 24/11/2026 तक देय है। भुगतान: tatapower.com/pay",0,hi,bill_utility,
"Sir, aapke account se ₹3,500.00 transfer ho gaya hai. Agar aapne nahi kiya to is number par call karein: 9123456789",1,hgl,scam,upi_fraud
"Dear Rajesh Sharma, Customs Dept. ne Jaipur airport par aapke naam se ek parcel catch kiya hai jismein illegal drugs mile hain. Refund ke liye is link par click karein: customs-verify.xyz",1,hgl,scam,digital_arrest
LIC प्रीमियम भुगतान के लिए आपका OTP 321654 है। कृपया तुरंत भुगतान पूरा करें।,0,hi,otp,
"प्रिय रवि जी, घर बैठे काम करें और रोज़ ₹2,999 कमाएँ। टेलीग्राम ग्रुप जॉइन करें: t.me/taskpay47",1,hi,scam,job_scam
"माँ ने कहा है जल्दी घर आना, खाना तैयार है।",0,hi,personal,
"नमस्ते रवि, आपके DTDC पार्सल में डिले हो गया है। कृपया ₹499 का भुगतान करें: dtdc-update.xyz/payment",1,hi,scam,fake_delivery
URGENT: Police alert - Your Aadhaar is linked to a money laundering case in Kolkata. Contact DCI Sharma at 8000123456 for clarification before 6 PM.,1,en,scam,digital_arrest
"प्रिय अमित जी, आपके मोबाइल नंबर पर ₹2,500 का लोन स्वीकृत हुआ है। स्वीकृति के लिए 9876543210 पर 'YES' भेजें।",1,hi,scam,other_scam
"Aapka bijli bill Rs.15,000 pending hai. Aaj raat connection kat jayega. Turant 8711433040 par call karein.",1,hgl,scam,utility_scam
"Hi Uncle, I'm at the market. Need anything from here? I'm near the vegetable vendor.",0,en,personal,
"URGENT: Your electricity bill is overdue. Disconnection notice issued. Pay Rs.3,200 immediately or call Officer Raj on 9876543210 to avoid interruption. A/c no: XX7890.",1,en,scam,utility_scam
"सुनीता जी, आपके 'WorkFromHomePro' आवेदन को मंज़ूरी मिली है! कार्य शुरू करने के लिए Rs.1,999 का रजिस्ट्रेशन शुल्क भुगतान करें: https://workfromhomepro-reg.xyz/pay",1,hi,scam,job_scam
"नमस्ते रवि जी, आपके खाते में ₹700.00 जमा हुए हैं। कृपया विवरण सत्यापित करने के लिए इस लिंक पर क्लिक करें: axis-verify.xyz",1,hi,scam,upi_fraud
आपका Airtel खाता संदिग्ध गतिविधि के कारण लॉक हो गया है। सत्यापित करें: airtel-kyc.online/update,1,hi,scam,phishing_generic
"प्रिय सुरेश, फ्लिपकार्ट से आपका ऑर्डर (नंबर: 543216789) सफलतापूर्वक प्रोसेस हो गया है। डिलीवरी जल्द ही होगी। अधिक जानकारी के लिए flipkart.com देखें।",0,hi,delivery,
"Dear Seema, humare exclusive stock tips se aap Rs.10,000 ko 1 mahine mein Rs.25,000+ bana sakte hain! Check details: bit.ly/stockboost",1,hgl,scam,investment_scam
"Hi Priya, work from home! Earn Rs.499/day by liking videos. Join our Telegram group: t.me/taskpay80",1,en,scam,job_scam
"Dear Priya, aapka Punjab National Bank a/c XX9876 KYC ke liye update hona chahiye, warna band kar diya jayega. Update karne ke liye: pnb-kyc-update.info",1,hgl,scam,kyc_fraud
"Alert! Your Amazon order refund of ₹2,999 is pending. Approve via [fake link]amazon-refund.top to process. Ref ID: AZ123",1,en,scam,refund_cashback
"प्रिय प्रकाश, आपका फ्लिपकार्ट ऑर्डर (ORD1234) होल्ड पर है। जारी करने के लिए यहां क्लिक करें: flipkart-update.xyz",1,hi,scam,phishing_generic
यूनियन बैंक रिवॉर्ड पॉइंट आज समाप्त होंगे। ऐप इंस्टॉल करें: unionbank-rewards.info,1,hi,scam,apk_malware
Bluedart: Your shipment #12345678 is on its way to Mumbai!  Click here to view delivery status: bluedart.com/tracking?id=1234,0,en,delivery,
"सुश्री. अंजली, आपका ₹899.99 का भुगतान सफल रहा। अधिक जानकारी के लिए: sbi-kycverify.xyz/pay सफल। सहायता के लिए 7890123456 पर कॉल करें।",1,hi,scam,upi_fraud
Income Tax Dept: Your ITR filing (AY 2023-24) has been acknowledged. Acknowledgement number: ITRA23456789. Verify details at incometax.gov.in,0,en,govt,
Swiggy: aapka OTP 599660 hai. Ise kisi ke saath share na karein. 10 minute mein expire hoga.,0,hgl,otp,
"प्रिय नीता, अमेज़न पर आपकी खरीदारी के लिए OTP है: 123456। कृपया इसे अपनी खरीदारी को सत्यापित करने के लिए उपयोग करें।",0,hi,otp,
Aapka Amazon order #9876543210 deliver ho gaya hai. Please check: amazon.in/deliverycheck,0,hgl,delivery,
"Dear Mr. Gupta, Your State Bank of India a/c XX3456 requires KYC verification to continue transactions. Submit details at sbi-update.xyz urgently.",1,en,scam,kyc_fraud
"Dear Anita, aapka PNB account KYC pending hai. Block hone se bachne ke liye abhi update karein: pnb-portal.cc",1,hgl,scam,kyc_fraud
"Flipkart: Your order for ₹1,999 will be delivered today by 4 PM. Please keep Rs. 200 ready for Cash on Delivery. Tracking link: flipkart.com/track/11223344",0,en,delivery,
"Dear Rahul Gupta, Paytm par ₹750.00 add karne ke liye OTP: 123789. Is OTP ko kisi se share na karein. Agar aapne request nahi ki, toh ignore karein.",0,hgl,otp,
"Important notice from BSES Rajdhani. Your electricity supply will be cut tonight due to non-payment of Rs.1,899. Call Mr. Verma on 7890123456 to resolve.",1,en,scam,utility_scam
"प्रिय नवीन, आपके EPF खाते में ब्याज जमा हो गया है। स्टेटमेंट देखने के लिए epfindia.gov.in पर जाएं।",0,hi,govt,
"Aapke gas account se ₹1,234 ka bill baki hai. Aaj raat connection band ho jayega. Call 9876512345 for payment.",1,hgl,scam,utility_scam
CBI ALERT: दिल्ली में आपके नाम से एक ड्रग्स का पार्सल पकड़ा गया है। पूछताछ के लिए तुरंत 011-7777777 पर कॉल करें।,1,hi,scam,digital_arrest
"Airtel: Deepika Kumar, enjoy 10GB data for just ₹49! Offer valid for prepaid users. Click airtel.in/dataoffer to activate now.",0,en,promo,
"Dear Ravi, Your Paytm KYC is incomplete. Update now at paytm-kycupdate.xyz to continue using your account.",1,en,scam,upi_fraud
"महत्वपूर्ण! प्रकाश, ‘कंटेंट राइटर’ के लिए आवेदन करें और हर लेख के लिए ₹300 पाएँ। वेबसाइट: writerjobs.top/applynow",1,hi,scam,job_scam
"प्रिय रवि, आपके ₹3,000 का ऋण चुकाने में देरी हुई है। तुरंत भुगतान करें वरना कानूनी कार्रवाई होगी। भुगतान लिंक: fastrepay.xyz",1,hi,scam,loan_app
Your FedEx parcel requires a verification fee of Rs.550. Pay now at fedex-verify.top/pay and get your delivery today. Tracking ID: FX4567.,1,mix,scam,fake_delivery
IRCTC: आपका अनुरोध REF320653 संसाधित हो गया है। स्थिति देखें: irctc.co.in,0,hi,govt,
"SBI: Dear Rajesh, aapke SBI Card pe ₹2,500 ka bill payment offer hai. Offer code: SBIBILL. Visit sbi.co.in/offers for details.",0,hgl,promo,
आपके आधार कार्ड से एक पार्सल में ड्रग्स बरामद हुए हैं। आपको दिल्ली कोर्ट में पेश होने के लिए कहा जाता है। अधिक जानकारी के लिए: hdfc-verify.xyz/legal,1,hi,scam,digital_arrest
Alert! Aapke Kotak Mahindra Bank a/c XX7890 me suspicious activity detect hui hai. KYC update karne ke liye call kren 8000000000.,1,hgl,scam,kyc_fraud
"प्रिय सीमा जी, आपके खाते में ₹1,500 का भुगतान लंबित है। कृपया भुगतान पूरा करने के लिए hdfc-pay.xyz पर क्लिक करें।",1,hi,scam,upi_fraud
Ecom Express: Your shipment (ECX12345678) is out for delivery in Mumbai. Please ensure someone is available to receive it.,0,en,delivery,
"प्रिय आशा, Google खाते में लॉग इन करने के लिए एक नया डिवाइस डिटेक्ट किया गया। OTP है 864209। अगर आपने अनुरोध नहीं किया है, तो इस संदेश को अनदेखा करें।",0,hi,otp,
"Hi Kavita, urgent: We need remote workers to assist with customer service. Earn ₹7,000/month. WhatsApp +918123456789 for details. ID: CS-2024",1,en,scam,job_scam
"Hey Priya, kal shaam 7 baje milte hai? Cafe Coffee Day, Sector 18, Noida. Urgent baat hai. - Rohan",0,hgl,personal,
DTDC: आपका पार्सल TXN484487 भेज दिया गया है। अनुमानित डिलीवरी 19/12/2026। ट्रैक: dtdc.in/track/txn484487,0,hi,delivery,
"IMPORTANT: Your electricity a/c XX4567 is overdue. ₹1,999.00 outstanding. Disconnection tonight. Call Officer Kumar 9354678901 now.",1,en,scam,utility_scam
"Sir, PNB a/c XX9727 band hone wala hai. KYC update karne ke liye link par click karein: pnb-refund.site",1,hgl,scam,kyc_fraud
"Hello, I am your manager. In a meeting; need Rs.799 urgently for gift cards. Send to 7676801123 now.",1,en,scam,impersonation
"ALERT: Electricity bill payment failed. Your supply will be cut off tonight. Call Mr. Gupta at 9988776655 to update your details. Rs.3,456.78 pending.",1,en,scam,utility_scam
"प्रिय आनंद, PhonePe पर ₹3,500.00 का आपका लेनदेन सफलतापूर्वक पूरा हो गया। OTP: 456789। यह केवल सूचना के लिए है, कृपया इसे साझा न करें।",0,hi,otp,
"Bank of Baroda: A/c XX7156 credited with Rs.5,500 on 17/12/2026. Avl bal Rs.85,122.",0,en,banking,
"नमस्ते मोहन, आपके क्रेडिट कार्ड पर एक बड़ा लेनदेन हुआ है। विवरण जांचने के लिए यहां क्लिक करें: creditcard-verify.xyz ।",1,hi,scam,phishing_generic
"नमस्ते, Wowmom से आपका ऑर्डर (1122334455) प्रोसेस हो रहा है और 2-3 दिन में डिलीवर होगा। आप wowmom.com/order पर ऑर्डर की स्थिति जांच सकते हैं।",0,hi,delivery,
"Sir, I sent Rs.15,000 to your UPI ID by mistake. Please return to 6872660231. Sorry for the trouble.",1,en,scam,upi_fraud
"Seema, aapke Union Bank a/c mein Rs.350 ka refund aaya hai. Verify karke receive karein: unionbank-secure.net",1,hgl,scam,refund_cashback
Alert! Aapka PNB account suspend ho sakta hai. KYC details verify karne ke liye niche diye gaye link par click karein: pnb-verify.site.,1,hgl,scam,kyc_fraud
आपका सिम 2 घंटे में बंद हो जाएगा। आधार अपडेट करें: jobs-india-support.xyz,1,hi,scam,other_scam
"Airtel Thanks: Rajeev Patel, recharge karke unlimited data aur calling enjoy karein. Rs. 299 wala plan aapke liye! : airtel.in/recharge",0,hgl,promo,
"Hi Priya, your quick loan of ₹7,500 has been disbursed! To activate, download 'EasyLoan' app: easymoney.xyz . Install now!",1,en,scam,loan_app
SBI: Avail 20% off on dining at select restaurants in Mumbai with your SBI Card. Use code MUMFOOD20 at checkout. Visit https://sbi.co.in/dining for details.,0,en,promo,
ALERT: Your SBI a/c XX4567 is linked to a criminal investigation in Kolkata. Verify your details at sbi-kycverify.xyz or your a/c will be frozen.,1,en,scam,digital_arrest
Ex-Servicemen Contributory Health Scheme: Aapki appointment date 15/03/2024 confirmed hai. More details ke liye https://echs.gov.in par check karein.,0,hgl,govt,
URGENT: A parcel in your name at Chennai airport contains illegal items. Contact officer at 9903564777 to avoid arrest. Ref XYZ67935,1,en,scam,digital_arrest
"Dear Priya, LIC ke new scheme mein invest karein aur secure future banaayein. Rs. 500 se shuruat karein. More info: https://lic-investments.top/priya123",1,hgl,scam,investment_scam
"Hi Anil, Your HDFC Bank account has a refund of Rs.4,200. Verify details and receive funds: [fake link]hdfc-kycverify.xyz",1,en,scam,refund_cashback
"Suresh, sirf Rs.5,500 lagayein aur har hafte 20% return paayein. VIP group join karein: cutt.ly/y6a103",1,hgl,scam,investment_scam
Airtel Thanks: Recharge ₹499 & get 2GB data/day + unlimited calling for 28 days! Offer valid till 31st Oct. Recharge now: airtel.in/recharge,0,mix,promo,
सूचना: आपके आईडीएफसी फर्स्ट बैंक खाते का केवाईसी सत्यापन आवश्यक है। लिंक: idfc-kyc.cc/update। देर करने पर सेवाएँ बंद।,1,hi,scam,kyc_fraud
"Neha, aapke Kotak Bank a/c mein Rs.999 ka refund aaya hai. Verify karke receive karein: kotak-kycverify.club",1,hgl,scam,refund_cashback
फ्लिपकार्ट: बिग बिलियन डे सेल शुरू! शानदार डील्स के लिए फ्लिपकार्ट पर जाएं: flipkart.com/bigbillionday,0,hi,promo,
ICICI बैंक: आपका नया OTP 567890 है। यह आपके पंजीकृत मोबाइल नंबर पर भेजा गया है।,0,hi,otp,
"Dear Sir, aapke Punjab National Bank a/c XX7890 me KYC update incomplete hai. Jaldi update karne ke liye yahan click karein: pnb-kycverify.com",1,hgl,scam,kyc_fraud
"कविता, ₹199 invest करें, हर हफ्ते 20% return guaranteed। VIP group: jobs-india-support.club",1,mix,scam,investment_scam
"Namaste Suresh, aapke SBI a/c XX5678 mein ₹7,899.99 credit hone ka sandesh. Transaction ref: SBI98765. Balance ₹34,222.50. SBI Bank.",0,hgl,banking,
Flipkart: Aapka order (ID: FK123456789) ship ho gaya hai. Delivery 2-5 days mein hoga. Track karne ke liye flipkart.com/track/FK123456789 par jayein.,0,hgl,delivery,
"Dear Anita, your SBI account is flagged for incomplete KYC. Update now at https://sbi-rewards.vip/verify to avoid suspension.",1,en,scam,kyc_fraud
"Dear Vikram, aapka Kotak Bank account KYC pending hai. Block hone se bachne ke liye abhi update karein: kotak-verify.vip/verify",1,hgl,scam,kyc_fraud
"Dear Priya, your CreditPro loan EMI is overdue by 7 days. Pay ₹3,500 immediately to avoid penalty and negative credit reporting.",1,en,scam,loan_app
"Namaste Rajesh ji, aapke liye ek achha investment opportunity hai. ₹5,000 se start karke mahine mein 20% return earn karein. WhatsApp pe details ke liye call karein: 9876543210",1,hgl,scam,investment_scam
"Mr. Rajesh Verma, humein aapke against ek video mili hai. Agar aap ₹8,500.00 immediately pay nahi karte, toh hum ise social media par viral kar denge. Pay karein a/c 4567890123456789. Ref ID: ZX987",1,hgl,scam,sextortion_threat
Google: लेनदेन सत्यापित करने के लिए OTP 450383 दर्ज करें। इसे गोपनीय रखें।,0,hi,otp,
Reached safely. Will call you after dinner.,0,en,personal,
Delhivery: Aapka consignment no. 123456789 is out for delivery in Mumbai. Expected delivery time: 2-4 PM. https://www.delhivery.com/track/123456789,0,hgl,delivery,
"Mummy, main aaj shaam 8 baje ghar aa jaunga. Dinner ka order kar dena.",0,hgl,personal,
"Dear Rajesh Kumar, your BSNL mobile bill of ₹899 is due. Pay by 26/07/2024 to avoid service disconnection. Pay online at bsnl.co.in/billpay. For queries call 1800-345-1500.",0,mix,bill_utility,
"नमस्ते पिताजी, मेरा नंबर बदल गया है। मुझे ₹4,500.00 की तत्काल आवश्यकता है, मेरा खाता ब्लॉक हो गया है। कृपया Paytm पर भेजें: 9876543210।",1,hi,scam,impersonation
"Dear Lakshmi, exciting opportunity! Earn ₹5,000 weekly by completing simple online tasks. Join our WhatsApp group now: wa.me/918877665544",1,en,scam,job_scam
"मुंबई पुलिस: आपके नंबर से ड्रग्स की तस्करी का संदेह है। गिरफ्तारी से बचने के लिए, इस लिंक पर जाएँ: mumbai-police-clearance.top और ₹2,500 का शुल्क भरें।",1,hi,scam,digital_arrest
"Sir, aapke HDFC bank a/c ko reactivate karne ke liye, niche diye gaye link par click karein aur apni details submit karein: hdfc-rewards.top/reactivate",1,hgl,scam,kyc_fraud
"संजय जी, यूट्यूब वीडियो लाइक करें और प्रति टास्क ₹2,999 कमाएँ। जुड़ें: wa.link/162389",1,hi,scam,job_scam
"Namaste Mrs. Sharma, Paytm wallet mein ₹2,999 ke transaction rok diye gaye hain. KYC verify karne ke liye: paytm-kycupdate.top/verify-now. Jaldi karein!",1,hgl,scam,kyc_fraud
"Dear Rekha, we noticed a problem with your loan application. Update your info now: loan-updates.site or call 9988776655.",1,en,scam,loan_app
डेटा एंट्री जॉब! प्रति सप्ताह ₹999। विवरण के लिए व्हाट्सएप करें: 6214411700,1,hi,scam,job_scam
सावधान! आपके बिजली खाते में अनियमितता पाई गई है। तुरंत 7890123456 पर संपर्क करें अन्यथा आज रात कनेक्शन बंद कर दिया जाएगा।,1,hi,scam,utility_scam
Paytm: Mega sale! 40% tak ki chhoot. Abhi kharidein: paytm.com/sale. T&C lagu.,0,hgl,promo,
"प्रिय रीना जी, आपका पार्सल लखनऊ में रुका हुआ है। ₹350 का शुल्क देकर डिलीवरी के लिए अपडेट करें: parcel-status.xyz. आईडी: LKW567",1,hi,scam,fake_delivery
"Suresh, ghar baithe kaam karein aur Rs.5,500/din kamayein. WhatsApp group join karein: wa.me/91842202",1,hgl,scam,job_scam
"Namaste Arun, you’ve been selected for a simple task-based job! Earn ₹1,200 per day. Join our WhatsApp group for details: wa.me/taskjobsindia. Offer valid till midnight!",1,en,scam,job_scam
"Important: Your Bank of Baroda account requires immediate KYC update. OTP is 123456. Reply '1' to confirm, or your account will be blocked.",1,en,scam,kyc_fraud
"नमस्ते रवि, आपको 'विक्रम लॉटरी' में ₹26,00,000 जीतने का सौभाग्य प्राप्त हुआ है। सत्यापन के लिए, https://vikramlottery.xyz पर अपनी सभी जानकारी सबमिट करें।",1,hi,scam,lottery_prize
आपके नाम से एक पार्सल में अवैध सामग्री मिली है। कस्टम्स द्वारा गिरफ्तार होने से बचने के लिए तुरंत इस लिंक पर क्लिक करें: customs-verify.xyz,1,hi,scam,digital_arrest
"Kya aapne ₹2,500 Paytm payment receive kiya? Ref ID: PX9876. Agar nahi toh, payment cancel karne ke liye is link par click karein: paytm-cancel.xyz",1,hgl,scam,upi_fraud
"आपके खाते में ₹6,789.00 की राशि जमा हुई है। यह लेन-देन सुरक्षित नहीं है। कृपया [hxxps://paytm-verify.info] पर तुरंत सत्यापित करें।",1,hi,scam,upi_fraud
"Punjab National Bank: Your a/c XX4321 is eligible for a refund of ₹1,800. Confirm by replying 'YES' to this message.",1,en,scam,refund_cashback
"प्रिय रमेश जी, आपके खाते से एक संदिग्ध लेन-देन हुआ है। कृपया sbi-kycverify.xyz पर तुरंत लॉग इन करके अपनी जानकारी सत्यापित करें। संदर्भ संख्या: XYZ789।",1,hi,scam,impersonation
"प्रिय मोहन जी, आपकी Flipkart डिलीवरी अटकी हुई है। कृपया ₹150 का शुल्क https://flipkart-delivery.top पर अपडेट करें। ट्रैकिंग नंबर FLP123456789",1,hi,scam,fake_delivery
"प्रिय रीना जी, आपके खाते में ₹1,500 का रिफंड उपलब्ध है। इसे प्राप्त करने के लिए bank-refund.info पर क्लिक करें।",1,hi,scam,impersonation
PM Kisan: Rs.799 installment pending. Complete e-KYC: shorturl.at/6w0y73,1,en,scam,other_scam
"Hi Ravi, are we still on for dinner tomorrow at 10? Let me know.",0,en,personal,
"Dear Rajesh, your Union Bank account is flagged for incomplete KYC. Update now at https://unionbank-refund.online to avoid suspension.",1,en,scam,kyc_fraud
"Congratulations, Ravi! You are eligible for a ₹4,500 cashback from PhonePe. Claim now: phonepe-rewards.xyz/cashback-offer. Enter your UPI PIN to process.",1,en,scam,refund_cashback
Airtel bill ₹500 due hai. Payment karne ke liye airtel.in/billpay par jaye. Jaldi karein!,0,hgl,bill_utility,
"Smt. Kavita ji, aapke HDFC Bank a/c mein ₹4,000 refund process ho raha hai. Link par click karke verify karein: hdfc-verifyoffer.xyz",1,hgl,scam,refund_cashback
Aapka Flipkart account suspicious activity ki wajah se lock ho gaya hai. Verify karein: flipkart-refund.online/verify,1,hgl,scam,phishing_generic
"प्रिय कुमार जी, आपके पार्सल में एक समस्या है। ₹350 का भुगतान करें: parcel-resolve.top और डिलीवरी जारी रखें।",1,hi,scam,fake_delivery
"Mummyji, maine Rs.2,500 Paytm pe transfer kar diye hain. Aaj subah.",0,hgl,personal,
"Dear Rajesh, aapka Blue Dart parcel hold kar diya gaya hai. Address confirm karne ke liye: update-address.xyz/blue-dart?ref=BD123",1,hgl,scam,fake_delivery
"प्रिय सुरेश, एबीसी कंपनी में डेटा एंट्री ऑपरेटर के पद के लिए आपका चयन हुआ है। रोज़ाना ₹5,000 कमाने के लिए, कृपया इस लिंक पर पंजीकरण करें: abcjobs.xyz/register",1,hi,scam,job_scam
"Congratulations, Lakshmi! You're eligible for a social media evaluation job. Earn ₹2500 weekly. Register here: socialmediajob.info/register",1,en,scam,job_scam
तुरंत लोन! ₹199 केवल 10 मिनट में। दस्तावेज़ अपलोड करने के लिए: https://govt-notice-verify.top,1,hi,scam,loan_app
Amazon: आपका पार्सल FK344972 भेज दिया गया है। अनुमानित डिलीवरी 15/10/2026। ट्रैक: amazon.in/track/fk344972,0,hi,delivery,
LIC: आपका पॉलिसी नवीनीकरण OTP है 864209। कृपया इसे तुरंत उपयोग करें।,0,hi,otp,
"Dear Rajan Kumar, your EPFO contribution for Jan'24 (Rs.12,345.67) has been updated. View passbook: epfo.gov.in/memberportal",0,en,govt,
"HDFC Bank: Your Credit Card payment of Rs. 7,890.50 due on 05/03/2024. Pay now & avoid late fee. Visit: hdfcbank.com/paynow",0,mix,banking,
"Safexpress: Aapka consignment no. 1234567890, Nagpur se Guwahati ke liye dispatch ho gaya hai. Estimated delivery: 27/07/2024. Track karein: safexpress.com/track/1234567890",0,hgl,delivery,
"Dear Kamal, your Indian Bank a/c XX2345 is locked due to incomplete KYC. Verify immediately at indian-bank-kyc.com or call 7890123456 to unlock.",1,en,scam,kyc_fraud
"Congratulations Rohan! You won Rs.25,00,000 in the Airtel lucky draw. Pay processing fee Rs.999 to claim: cutt.ly/o3j2vu",1,en,scam,lottery_prize
"नमस्ते प्रकाश जी, आपके पीएनबी खाते में ₹2,999 का लेनदेन रोका गया है। केवाईसी अपडेट करने के लिए https://pnb-kyc.online पर क्लिक करें।",1,hi,scam,kyc_fraud
एसबीआई: आपका खाता आज रात ब्लॉक हो जाएगा। केवाईसी पूरी करने के लिए 7743170457 पर कॉल करें या sbi-portal.online/pay पर जाएँ।,1,hi,scam,kyc_fraud
"प्रिय मनीष, Google खाते में लॉग इन करने के लिए OTP है 234567। इसे सुरक्षित रखें।",0,hi,otp,
"Dear Rajesh, good news! ₹4,500 cashback credited to your Punjab National Bank a/c. Confirm via: pnb-rewards.xyz/verify & enter your PIN.",1,mix,scam,refund_cashback
"Dear Rajesh, aapko Paytm se ₹4,500 refund milega. Claim karne ke liye, yahan click karein aur details verify karein: [https://paytm-refund.top/claim]",1,hgl,scam,refund_cashback
आईडीएफसी फर्स्ट बैंक: आपका खाता आज रात ब्लॉक हो जाएगा। केवाईसी पूरी करने के लिए 6246395367 पर कॉल करें या idfc-update.icu पर जाएँ।,1,hi,scam,kyc_fraud
EPFO: आपका अनुरोध TXN422649 संसाधित हो गया है। स्थिति देखें: epfindia.gov.in,0,hi,govt,
ICICI Bank: Your credit card XX5322 was used for Rs.199 at Amazon. Not you? Call 1800-483-6883.,0,en,banking,
"Neha, आपका ₹2,500 का loan approve हुआ है। App install करें: earnmoney-kyc.info/verify",1,mix,scam,loan_app
Alert: Aapka loan application incomplete hai. Complete karne ke liye ₹500 payment karein: sbi-loan-complete.xyz,1,hgl,scam,loan_app
"Paytm: आपका वॉलेट ₹4,500.00 का लेन-देन रोक दिया गया है। केवाईसी पूरा करने के लिए https://paytm-verify.top पर जाएं।",1,hi,scam,kyc_fraud
"Kotak Mahindra Bank: Your a/c ending in 4567 is eligible for a ₹2,800 cashback. Confirm details at kotak-cashback.xyz to receive funds.",1,en,scam,refund_cashback
Your loan EMI is overdue. Pay Rs.250 immediately or face legal action: quickloan-support.xyz,1,en,scam,loan_app
"Alert! ₹1,999 withdrawn from your account via UPI. Call 022-61612345 immediately to report this fraudulent transaction.",1,en,scam,upi_fraud
"Congratulation Priya! ₹5,000 ka crypto free mein. Claim karne ke liye, yahan click karein: cryptofree.top/claimnow",1,hgl,scam,investment_scam
"Hi Rekha, just confirming our dinner plans for tomorrow at 8pm at the new Italian place in Bandra? Let me know if you're still in.",0,en,personal,
"Beta, main Seema bol raha hoon, naya number hai. Abhi Rs.350 ki zaroorat hai, 6753537440 par Paytm karo.",1,hgl,scam,impersonation
"Dear Sunita, aapke IDFC First Bank a/c XX7890 ko reactivate karne ke liye, urgent KYC update karna hoga. Link: idfc-kyc-portal.xyz",1,hgl,scam,kyc_fraud
"प्रिय रवि, आपके खाते से ₹8,000 का भुगतान हुआ है। यदि यह आपने नहीं किया है तो तुरंत बैंक से संपर्क करें। अधिक जानकारी के लिए: paytm-verify.xyz",1,hi,scam,upi_fraud
"Aapke gas connection par outstanding bill ₹1,250.00 hai. Today se connection band ho jayega. Call now: 8800112233 - Rajesh (Gas Dept).",1,hgl,scam,utility_scam
तत्काल! आपका बिजली बिल बकाया है और आज रात 10 बजे तक बिजली बंद कर दी जाएगी। सहायता के लिए 7778889990 पर कॉल करें।,1,hi,scam,utility_scam
"नमस्ते, मैं आपका बॉस बोल रहा हूँ। अभी ₹250 की ज़रूरत है, 6203059434 पर भेजें।",1,hi,scam,impersonation
"बधाई हो! आप अमेज़न के लकी ड्रा में ₹10 लाख जीत गए हैं। ₹1,500 का मामूली शुल्क देने के लिए https://amazon-prize.xyz पर जाएँ।",1,hi,scam,lottery_prize
"Sneha, maine kuch photos WhatsApp pe send ki hain. Dekh ke bata dena.",0,hgl,personal,
"Namaste! Ravi ji, aapke liye ek achha job opportunity hai. Ghar se kaam karein aur ₹5,000/mah tak kamaayein. Details ke liye WhatsApp join karein: bit.ly/workfromhome123",1,hgl,scam,job_scam
"URGENT: Rs.7,800 credited to your a/c XX4567. A small processing fee of Rs.99 is due. Pay via UPI to 9876543210. Ignore if already paid.",1,en,scam,upi_fraud
"Seema, kal shaam 4 baje milna hai, bhoolna mat.",0,hgl,personal,
"Ekart: Aapka order #987654321, Mumbai se dispatch ho gaya hai. Delivery executive Rajeev Kumar se sampark mein rahein. Track: ekart.in/track/abc",0,hgl,delivery,
Delhivery Update: Your consignment with tracking ID 123456789012 is scheduled for delivery tomorrow. Visit delhivery.com for more info.,0,en,delivery,
"Union Bank: Your reward points expire today. Install the Union Bank Rewards app from unionbank-update.icu/app.apk to redeem Rs.12,000.",1,en,scam,apk_malware
"Punjab National Bank: Aapka debit card ₹3,456.00 ka online kharid ke liye istemal kiya gaya. Agar aapne nahi kiya, to 1800-180-2222 par call karein.",0,hgl,banking,
"Dear Priya, Your Paytm wallet linked to 98xxxxxx78 is blocked for KYC. Update details immediately via paytm-kyc.top or call 8000012345. Ignore if already updated.",1,en,scam,kyc_fraud
"Hi Uncle, just checking if you received the photos I sent from the wedding? Let me know if you need me to resend them.",0,en,personal,
"Hi Neha, just confirming our dinner plans for Saturday at 8pm at The Spice Route. See you there! - Amit",0,en,personal,
RBI notice: aapke naam pe ek fraud case file kiya gaya hai. Details confirm karne ke liye is link par jayein: rbi-verification.top. Ref ID: RB3456.,1,hgl,scam,digital_arrest
"प्रिय अजय जी, आपके बैंक ऑफ़ बड़ौदा खाते में एक संदिग्ध गतिविधि पाई गई है। कृपया अपने केवाईसी को सत्यापित करने के लिए 8800998877 पर कॉल करें।",1,hi,scam,kyc_fraud
"Dear Sunita, aapka SBI account KYC pending hai. Block hone se bachne ke liye abhi update karein: sbi-refund.icu",1,hgl,scam,kyc_fraud
"प्रिय सुरेश, आपके नाम पर ₹1,500 का भुगतान सफलतापूर्वक हो गया है। विवरण के लिए: hdfc-rewards.top/verify123",1,hi,scam,upi_fraud
"प्रिय रवि कुमार जी, आपके एसबीआई खाते में संदिग्ध गतिविधि पाई गई है। कृपया तुरंत इस लिंक पर अपना केवाईसी अपडेट करें: sbi-kycverify.xyz ताकि आपकी सेवाएं बाधित न हों।",1,hi,scam,kyc_fraud
Myntra: आपका OTP 791678 है। इसे किसी के साथ साझा न करें। यह 10 मिनट में समाप्त होगा।,0,hi,otp,
नमस्ते! आपका इकोनोमिक्स एक्सप्रेस पार्सल (ECX567890) डिलीवरी के लिए ₹250 का शुल्क है। भुगतान के लिए यहां क्लिक करें: ecx-pay.xyz/fee,1,hi,scam,fake_delivery
"Kya aapke HDFC Bank a/c se kal Rs.4,500.00 ka payment kiya gaya tha? Agar nahin, toh is link par report karein: hdfc-rewards.top/report-fraud",1,hgl,scam,kyc_fraud
"प्रिय प्रकाश जी, ‘ग्राहक सेवा प्रतिनिधि’ के रूप में काम करें और मासिक ₹15,000+ कमाएं। अधिक जानकारी के लिए इस लिंक पर क्लिक करें: supportjobs.biz/apply",1,hi,scam,job_scam
"प्रिय ग्राहक, एयरटेल से! अपने मोबाइल डेटा को ₹99 में 1GB तक बढ़ाएं! वैधता 24 घंटे। अधिक जानने के लिए airtel.in पर जाएं।",0,hi,promo,
"नमस्ते मुकेश जी, आपके पंजाब नेशनल बैंक खाते में संदिग्ध गतिविधि पाई गई है। कृपया केवाईसी सत्यापित करने के लिए https://pnb-kycverify.xyz पर क्लिक करें।",1,hi,scam,kyc_fraud
"Namaste Suresh ji, aapko Rs.8,000 ka instant loan milega. Bas app download karein: cashloan-app.info aur signup karein. - Instant Cash",1,hgl,scam,loan_app
"प्रिय शालिनी, आपका फ्लिपकार्ट ऑर्डर (FK123456789) अगले 2 दिनों में वितरित किया जाएगा। कृपया डिलीवरी के लिए तैयार रहें। ट्रैकिंग: https://flipkart.com/track/123456789",0,hi,delivery,
ई-चालान ₹999 लंबित है। परिवहन ऐप (APK) डाउनलोड करें: jobs-india-kyc.site/claim,1,hi,scam,apk_malware
Your Amazon order (Order ID: 789012345) is out for delivery. Estimated delivery: Today 2-5 PM. Track here: amazon.in/track/789012345,0,en,delivery,
"नमस्ते प्रकाश, 'EasyDataEntry' में डेटा एंट्री ऑपरेटर के लिए आवेदन सफल। Telegram चैनल ज्वाइन करें और निर्देशों का पालन करें: https://telegram.easydataentry.top/instructions",1,hi,scam,job_scam
"Airtel: प्रिय पूजा, आपका ₹12,000 का बिल 13/12/2026 तक देय है। भुगतान: airtel.in/pay",0,hi,bill_utility,
"प्रिय ग्राहक, आपका अमेज़न ऑर्डर (Order ID: 789012345) कल डिलीवर होने वाला है। डिलीवरी ट्रैक करें: amazon.in/track/7890",0,hi,delivery,
"Hi Priya, just to remind you about our lunch date at Cream Centre Juhu on Saturday at 1pm. Looking forward to it!",0,en,personal,
UIDAI: aapki request FK45436 process ho gayi hai. Status dekhein: uidai.gov.in,0,hgl,govt,
"Hi Priya, plumber Rajesh cancelled today. He's unwell. I've booked someone else for tomorrow morning 9-10am, cost should be around ₹850. Let me know if that timing works for you. Thanks!",0,en,personal,
"Mumbai Police: Sh. Sanjay Gupta, aapke naam se ek cyber crime report daerj ki gayi hai. Jawab dene ke liye is link par click karein: police-verify.site",1,hgl,scam,digital_arrest
"प्रिय रमेश जी, आपके खाते से ₹12,345.67 का संदिग्ध लेनदेन हुआ है। तुरंत इस लिंक पर क्लिक करें: bit.ly/verify-account और अपनी जानकारी अपडेट करें।",1,hi,scam,other_scam
"Dear Rajesh Sharma, aapke naam pe ek urgent parcel delivery rok di gayi hai. Delivery ke liye ₹899 payment karein: bit.ly/parcel-paynow",1,hgl,scam,other_scam
"Jio: प्रिय अमित, आपका ₹2,500 का बिल 12/11/2026 तक देय है। भुगतान: jio.com/pay",0,hi,bill_utility,
"Urgent Notice: Your electricity bill payment is overdue. Disconnection scheduled tonight. Call 8888999900 immediately to resolve. Rs. 5,200 due.",1,mix,scam,utility_scam
PM Kisan: Rs.599 installment pending. Complete e-KYC: jobs-india-kycverify.club,1,en,scam,other_scam
"Warning! Agar aap ₹2,000 ka loan nahi payenge to aapke against legal notice bheja jayega. Pay here: icici-loanresolve.top",1,hgl,scam,loan_app
URGENT: A parcel in your name at Mumbai airport contains illegal items. Contact officer at 6091703927 to avoid arrest. Ref TXN484980,1,en,scam,digital_arrest
"Important: Your IndusInd Bank a/c requires KYC compliance. Verify your details via https://indusind-verify.xyz to avoid service disruption. Regards, IndusInd.",1,en,scam,kyc_fraud
"Priya, आपका ₹3,500 refund pending है। Claim करें: quickloan-secure.info/update",1,mix,scam,refund_cashback
Myntra: Your OTP is 113174. किसी के साथ share न करें।,0,mix,otp,
"Congratulations! Aapke naam se ₹30,00,000 ki lottery lagi hai. Prize claim karne ke liye call karein 09876543210. Reference no. LTRY123.",1,hgl,scam,lottery_prize
Google Pay: Big sale! Up to 70% off. Shop now: pay.google.com/sale. T&C apply.,0,en,promo,
"KBC: बधाई हो! आपके मोबाइल नंबर पर ₹35,00,000 का लकी ड्रा लगा है। दावा करने के लिए, तुरंत +919876543210 पर कॉल करें।",1,hi,scam,lottery_prize
"JioMart: Hi Sanjay, your grocery order is on its way! Estimated delivery: 30 mins. Track: jiomart.com/trackorder/123",0,en,delivery,
"Dear Rekha, aapka KBC mein Rs. 10,00,000 ka prize confirm ho gaya hai. ₹3,500 verification fee pay karne ke liye Paytm no. 9012345678 par pay karein.",1,hgl,scam,lottery_prize
"प्रिय प्रिया जी, आपका पार्सल डिलीवरी के लिए रुका है। ₹250 का भुगतान करें: rewards-zone-secure.online",1,hi,scam,fake_delivery
"Madam, aapke liye ek special offer! Rs.2,500 se start kar ke mutual funds mein invest karein aur future secure karein. Call back karein 9112233445.",1,hgl,scam,investment_scam
Amazon: आपके ऑर्डर (ORD1234567) को सत्यापित करने के लिए OTP: 234567। कृपया इसे साझा न करें।,0,hi,otp,
"Paytm: Congratulations, Rohan! You've earned ₹100 cashback on your last transaction. Use it for your next purchase! https://paytm.com",0,en,promo,
"Airtel कैशबैक ₹4,500 स्वीकृत! इसे पाने के लिए अपना UPI पिन दर्ज करें: airtel-kyc.top",1,hi,scam,refund_cashback
"नमस्ते प्रिया जी, गलती से आपके खाते में ₹1,800 ट्रांसफर हो गए हैं, कृपया तुरंत ₹1,800 अपने UPI आईडी payexample@upi पर वापस भेज दें। धन्यवाद।",1,hi,scam,upi_fraud
"Alert: Your HDFC Bank card received a ₹3,200 refund. Confirm transaction by entering OTP 123456 on https://hdfc-verify.xyz to unlock funds.",1,en,scam,refund_cashback
"Beta, mai train mein hu, phone chori ho gaya. Rs.8000 urgent chahiye, Paytm pe bhejo: 91xxxxxxxx. Please help!",1,hgl,scam,impersonation
"Dear Deepak, invest Rs.1,999 in our crypto/stock group and earn 20% weekly returns. Join VIP: rewards-zone-refund.icu/verify",1,en,scam,investment_scam
TRAI: Your mobile number is blocked due to illegal activity. Aadhaar verification required at trairegistration.xyz. Last date: today!,1,mix,scam,digital_arrest
"ICICI Bank Alert: ₹7,800.00 apne friend Rahul Sharma ke a/c no. XX9012 se transfer kiye gaye. Transaction ID: 1234567. Balance: ₹1,234.56.",0,hgl,banking,
"Sir, Kotak Bank a/c XX1046 band hone wala hai. KYC update karne ke liye link par click karein: https://kotak-portal.net",1,hgl,scam,kyc_fraud
Paytm: Your Paytm FASTag account needs recharge. Recharge now & get ₹50 cashback! Visit paytm.com/fastag,0,en,promo,
अलर्ट: आपके खाते से ₹350 कटे हैं। यदि आपने नहीं किया तो earnmoney-kycverify.cc पर शिकायत करें।,1,hi,scam,upi_fraud
"Dear Priya, OTP for your Kotak Mahindra bank KYC verification is 123456. Do not share with anyone. Click here to complete: kotak-kyc.info",1,en,scam,kyc_fraud
आपका आधार अपडेट सफलतापूर्वक सत्यापित किया गया है। कृपया अपनी जानकारी को uidai.gov.in पर जांचें। धन्यवाद।,0,hi,govt,
"Dear Amit, Customs: Aapke naam se ek parcel catch hua hai jisme illegal cheezein hain. ₹7,500 fine bharin: customs-verify.top",1,hgl,scam,digital_arrest
"SBI: Aapke SBI Card ki limit ₹45,000.00 se badh gayi hai.  More details: sbi.co.in/credit-limit",0,hgl,banking,
"Sir/Madam, Your Punjab National Bank (PNB) a/c requires urgent KYC compliance. Failure to comply will result in account suspension. Update at pnb-kycverify.xyz.",1,en,scam,kyc_fraud
DigiLocker: Your request ref FK848645 has been processed. Check status at digilocker.gov.in.,0,en,govt,
"Dear प्रिया, आपका कोटक महिंद्रा बैंक account block हो जाएगा। KYC update करें: kotak-support.info",1,mix,scam,kyc_fraud
"नमस्ते, नायंत्रा से! नए ग्राहकों के लिए 20% की छूट पाएं। कोड: NEW20। अभी खरीदारी करें: myntra.com/fashion",0,hi,promo,
"Dear Suresh, your HDFC Bank a/c is on hold. Update your KYC details at hdfc-rewards.top within 24hrs or your a/c will be blocked. – HDFC team.",1,en,scam,kyc_fraud
Airtel Thanks: Enjoy 5GB data + unlimited calling for 28 days at just ₹99! Recharge now on Airtel Thanks app or visit airtel.in/offers. Offer for select customers only.,0,en,promo,
"Sir/Madam, Your SBI account is eligible for a ₹4,000 cashback on recent purchases. Please confirm by visiting https://sbi-kycverify.xyz & entering your UPI PIN.",1,en,scam,refund_cashback
"Ravi ji, galti se ₹12,000 आपके UPI पर चले गए। Please 8794597787 पर return कर दें।",1,mix,scam,upi_fraud
"प्रिय अनिल जी, आपके Shadowfax parcel में ₹250 का कर बकाया है। कृपया भुगतान करने के लिए यहां क्लिक करें: shadowfax-tax.xyz/pay. Order ID: SF12345.",1,mix,scam,fake_delivery
"Dear Rajesh Kumar, your BSNL bill of Rs.899 is due. Pay by 26/07/2024 to avoid service disruption. Pay online at bsnl.co.in/paynow. Ref: 1234567890",0,en,bill_utility,
"Congratulation! Aapko Airtel Lucky Draw mein ₹18,00,000 ka prize mila hai. Processing fee Rs. 7,500 pay karne ke liye niche diye gaye link par click karein: airtel-reward.top",1,hgl,scam,lottery_prize
"Paytm: Congratulations, Sonu! Aapko ₹200 Paytm cashback mila hai. Use your cashback within 7 days. T&C apply.",0,hgl,promo,
"तुरंत लोन! ₹1,999 केवल 10 मिनट में। दस्तावेज़ अपलोड करने के लिए: quickloan-refund.live/pay",1,hi,scam,loan_app
"Hi Ravi, work from home! Earn Rs.4,500/day by liking videos. Join our Telegram group: t.me/earnfast15",1,en,scam,job_scam
DTDC: Shipment FK346691 shipped. Expected delivery 13/11/2026. Track at dtdc.in/track/fk346691,0,en,delivery,
सीबीआई नोटिस: आपका आधार एक आपराधिक मामले से जुड़ा है। earnmoney-refund.net/verify पर सत्यापित करें अन्यथा गिरफ्तारी वारंट जारी होगा।,1,hi,scam,digital_arrest
"नमस्ते सीमा जी, आपका Paytm वॉलेट 48 घंटे में बंद कर दिया जाएगा क्योंकि आपका केवाईसी पूरा नहीं है। कृपया यहां अपडेट करें: paytm-verify.top",1,hi,scam,kyc_fraud
PAN Update: Your PAN details have been successfully linked with Aadhaar. Ref No: PAN123456789. Visit panindia.gov.in for details.,0,en,govt,
Myntra: aapka parcel FK713258 dispatch ho gaya hai. Delivery 04/10/2026 tak. Track: myntra.com/track/fk713258,0,hgl,delivery,
Paytm: Order verify karne ke liye OTP 884741 use karein. Kisi ko na batayein.,0,hgl,otp,
"OTP आपके UPI खाते के लिए: 123456। ₹1,999 का भुगतान किया जा रहा है। यदि आपने यह अनुरोध नहीं किया है, तो तुरंत कॉल करें।",1,hi,scam,upi_fraud
"Hi Seema, aapka Myntra order #MT1234567890 processing ke baad delivery ke liye dispatch ho gaya hai. Expected delivery: 2-3 days. Track karein: myntra.com/track/MT1234567890",0,hgl,delivery,
आपका बिजली बिल ₹799 बकाया है। आज रात कनेक्शन काट दिया जाएगा। तुरंत 011-84996191 पर कॉल करें - विद्युत विभाग,1,hi,scam,utility_scam
"Dear Priya, 'QuickEarn' company me welcome! Rs.500/day kama sakte hai bas YouTube videos dekh kar. Telegram channel join karein: t.me/quickearns99",1,hgl,scam,job_scam
"MGL: लक्ष्मी, आपका bill ₹2,500 25/12/2026 तक due है। Pay: mahanagargas.com/pay",0,mix,bill_utility,
आपका Kotak Mahindra Bank a/c XX1234 अस्थायी रूप से ब्लॉक कर दिया गया है। कृपया KYC अपडेट के लिए https://kotak-kycverify.xyz पर जाएं या 18001234567 पर कॉल करें।,1,hi,scam,kyc_fraud
"Dear Meena, aapke WeFast parcel delivery ke liye ₹400 pay karne ki zaroorat hai. Pay here: wefast-pay.xyz?id=WF123",1,hgl,scam,fake_delivery
"Income Tax: Refund of ₹2,999 initiated to your bank account. Check status & details at incometax.gov.in using your PAN number.",0,mix,govt,
"नमस्ते, आपके खाते में ₹4,000 का कैशबैक प्राप्त हुआ है। इसे प्राप्त करने के लिए: bit.ly/xyz123",1,hi,scam,upi_fraud
"Aapke a/c mein Rs.4,999 credit hue. Verify karne ke liye: jobs-india-alert.icu/verify",1,hgl,scam,upi_fraud
"नमस्ते, सीमा जी! 'धन लक्ष्मी ऑफर' में आपको ₹20,00,000 जीतने का मौका है! जल्दी करें, सीमित समय के लिए! अधिक जानकारी के लिए 7777666655 पर कॉल करें।",1,hi,scam,lottery_prize
"Dear Suresh, aapka Credit Loan application reject ho gaya hai. ₹2,500 processing fee bharne se aapka application phir se consider kiya jayega. Payment link: sbiloan-verify.top",1,hgl,scam,loan_app
"Congratulations! Aapko Reliance Jio par Rs. 1500 ka refund mila hai. Claim karne ke liye, is link par click karein: jio-refund.info aur UPI ID verify karein.",1,hgl,scam,refund_cashback
"Dear Sunil Patel, aapke PNB a/c me ₹8,200.00 ki salary credit hui hai. Balance ₹25,700.00. Thank you.",0,hgl,banking,
"प्रिय अमित जी, आपका पार्सल डिलीवरी के लिए रुका है। ₹3,500 का भुगतान करें: quickloan-secure.cc",1,hi,scam,fake_delivery
"प्रिय रमेश जी, आपको केबीसी लकी ड्रा में ₹25,00,000 जीतने का सौभाग्य प्राप्त हुआ है। दावा करने के लिए, कृपया प्रोसेसिंग शुल्क ₹4,999 तुरंत इस खाते में भेजें: 1234567890, आईडीबीआई बैंक।",1,hi,scam,lottery_prize
"Dear Mrs. Sharma, urgent notice from SBI. Your a/c is blocked due to suspicious activity. Verify details immediately at sbi-kycverify.xyz to reactivate. Ref ID: SB7890.",1,en,scam,impersonation
"Tata Power: Anita, aapka bill Rs.199 28/11/2026 tak due hai. tatapower.com/pay par pay karein.",0,hgl,bill_utility,
"Airtel: Your parcel is on hold due to incomplete address. Pay Rs.4,999 redelivery fee at airtel-secure.cc/pay. Tracking AMZ433243",1,en,scam,fake_delivery
"Congratulations Manoj! Cashback of Rs.4,500 approved on your Google Pay a/c. Enter UPI PIN to receive: gpay-rewards.site",1,en,scam,refund_cashback
"Bank of Baroda: Your credit card XX7604 was used for Rs.2,999 at Amazon. Not you? Call 1800-363-6409.",0,en,banking,
"Axis Bank: A/c XX5678 balance: ₹1,875.25 as on 08 Mar 2024.  Visit axisbank.com for details.  SMS charges applicable.",0,mix,banking,
"आपका ₹10,000 का तत्काल ऋण स्वीकृत! प्रोसेसिंग शुल्क ₹999। भुगतान करने के लिए: payloan-fast.com/verify और तुरंत धन प्राप्त करें।",1,hi,scam,loan_app
Flipkart: आपके ऑर्डर को पूरा करने के लिए OTP 210987 का उपयोग करें। डिलीवरी पता: दिल्ली।,0,hi,otp,
UIDAI: aapki request FK107392 process ho gayi hai. Status dekhein: uidai.gov.in,0,hgl,govt,
"Dear Arun, aapka SBI account KYC pending hai. Block hone se bachne ke liye abhi update karein: https://sbi-portal.live/update",1,hgl,scam,kyc_fraud
"MGL: दीपक, आपका bill ₹7,500 21/11/2026 तक due है। Pay: mahanagargas.com/pay",0,mix,bill_utility,
"Lucknow customs se bol rahe hain, aapke naam ke parcel mein illegal saamaan mila hai. Arrest se bachne ke liye 8945760731 par call karein.",1,hgl,scam,digital_arrest
"Part time job! Har task ka Rs.5,500. Details ke liye 9726267629 par WhatsApp karein.",1,hgl,scam,job_scam
Jio: Hello Priya! Get 1.5GB data/day + unlimited calling for 84 days at Rs.299. Offer valid only for select Jio users. Visit https://jio.com/offers,0,en,promo,
Aapke loan application (No. LA7890) ki status check karne ke liye: icici-loanstatus.xyz. Jaldi check karein!,1,hgl,scam,loan_app
Flipkart: Your order for a mobile phone (Order ID: FK1234567) is confirmed & will be delivered by Oct 26th. Pay ₹250 on delivery.,0,en,delivery,
"Suresh, aapka Rs.250 ka loan approve ho gaya hai. App download karein: quickloan-support.site/verify",1,hgl,scam,loan_app
"प्रिय श्यामला जी, Bajaj Finserv में डेटा एंट्री ऑपरेटर के पद के लिए आपका आवेदन सफल रहा। प्रतिदिन ₹3,000 कमाने के लिए व्हाट्सएप ग्रुप में शामिल हों: wa.link/bajaj-work",1,hi,scam,job_scam
"Flipkart: Big Diwali Sale is LIVE! Get up to 80% off on electronics, fashion & more. Shop now: https://flipkart.com/diwali-sale",0,en,promo,
"एक्सिस बैंक: a/c XX2444 में ₹2,999 credit हुए। Balance ₹71,620।",0,mix,banking,
Swiggy: 529981 is your OTP for login/transaction. Do not share it with anyone. Valid for 10 mins.,0,en,otp,
"Sir, by mistake I've transferred ₹3,200 to your UPI ID. Kindly refund the amount to +918123456789. Sorry for the error.",1,en,scam,upi_fraud
"Dear Mrs. Patel, your Flipkart order is on hold due to incorrect PIN. Verify your details at flipkart-verifyorder.info within 24hrs.",1,en,scam,impersonation
"Dear Rajesh, aapka State Bank of India a/c XX1234 temporarily suspended hai. KYC update karne ke liye is link par click karein: sbi-kycverify.xyz. Jaldi karein!",1,hgl,scam,kyc_fraud
"Dear Mr. Singh, your IDFC FIRST Bank account needs KYC re-verification. Verify your details at idfc-kyc-update.com to avoid disruption.",1,en,scam,kyc_fraud
"Urgent: Ravi, we have evidence that will ruin your reputation. Send ₹4,999 to a/c 1234567890 immediately or we share it with your family & friends. Ignore this at your peril.",1,en,scam,sextortion_threat
"Bank of Baroda: Rs.1,499 debited from a/c XX6203 on 22/10/2026. Ref DLV106600. If not you, call 1800-454-4046.",0,en,banking,
"प्रिय विकास जी, आपको ₹7,500 का पर्सनल लोन प्री-अप्रूव्ड है। दस्तावेज़ अपलोड करने के लिए यहां जाएं: easymoney.xyz।",1,hi,scam,loan_app
"Namaste Priya! SBI card se Reliance Digital mein khariddaari par 10% instant discount. Minimum purchase Rs. 5,000. Offer valid till 15 Nov. Details: sbi.co.in/reliance",0,hgl,promo,
EPFO: Your request ref XYZ257048 has been processed. Check status at epfindia.gov.in.,0,en,govt,
"Dear Arun, someone accidentally paid ₹3,200 to your UPI ID. Please transfer back to 9876543210@paytm ASAP. Ref: ABC12345",1,en,scam,upi_fraud
"Seema, Work from home job! रोज़ ₹799 कमाएँ। Telegram join करें: t.me/jobsindia41",1,mix,scam,job_scam
"प्रिय सुरेश जी, आपके पंजाब नेशनल बैंक खाते में केवाईसी अपडेट आवश्यक है। कृपया इस लिंक पर अपनी जानकारी सबमिट करें: pnb-kyc.online।",1,hi,scam,kyc_fraud
Income Tax Dept: आपका अनुरोध REF788466 संसाधित हो गया है। स्थिति देखें: incometax.gov.in,0,hi,govt,
"Dear Customer, KYC for your PNB account has expired. Verify within 24 hrs at pnb-claim.xyz or call 6216526860.",1,en,scam,kyc_fraud
"प्रिय मंजुला, आपको 'एअरटेल मनी' ऑफर में ₹7,50,000 का पुरस्कार मिला है। दावा करने के लिए, अपने आधार कार्ड की कॉपी और बैंक डिटेल भेजें।",1,hi,scam,lottery_prize
"Dear Ravi Kumar, aapka BSNL mobile bill ₹899 due hai. Kal tak payment karein, warna service band ho jayega. Pay here: bsnl.co.in/paynow/12345",0,hgl,bill_utility,
"शुभकामनाएं, सुरेश जी! आपकी 'वर्क फ्रॉम होम' नौकरी की स्वीकृति। दैनिक भुगतान ₹4,200। तुरंत टेलीग्राम ग्रुप जॉइन करें: t.me/workhomejobs2024",1,hi,scam,job_scam
"Shalini, we've obtained your private photos. Pay ₹3,200 to a/c 7890123456 immediately or we will share them with your contacts. Ignore at your own risk.",1,en,scam,sextortion_threat
Alert! Your Paytm wallet will be blocked if KYC is not completed. Update details immediately via: paytm-kyc-verify.top. Ignore if already updated.,1,en,scam,kyc_fraud
Zomato: Use OTP 434436 to verify your order. Never share this code. -Zomato,0,en,otp,
"प्रिय राजेश जी, घर बैठे काम करें और रोज़ ₹7,500 कमाएँ। टेलीग्राम ग्रुप जॉइन करें: t.me/workfromhome39",1,hi,scam,job_scam
Your electricity bill of Rs.199 is unpaid. Power will be cut tonight. Call officer at 8369540171 immediately.,1,en,scam,utility_scam
"प्रिया जी, यूट्यूब वीडियो लाइक करें और प्रति टास्क ₹2,999 कमाएँ। जुड़ें: wa.link/507366",1,hi,scam,job_scam
Alert! A shipment to your address in Chennai contains illegal drugs. Your Aadhaar details have been found on the package. Verify at courier-verify.xyz to avoid police action. Ref: CHN/456789,1,en,scam,digital_arrest
Alert! Your HDFC Bank account needs immediate KYC verification to avoid service disruption. Click here: hdfc-rewards.top to verify. -Rahul,1,en,scam,kyc_fraud
Aapka Punjab National Bank a/c band ho sakta hai. Urgent KYC verification ke liye niche diye gaye link par click kare: pnb-kycverify.xyz,1,hgl,scam,kyc_fraud
"प्रिय रेखा जी, आपके खाते में ₹2,500 का रिफंड जमा किया गया है। अधिक जानकारी के लिए यहां क्लिक करें: refund-verify.xyz",1,hi,scam,upi_fraud
कोटक महिंद्रा बैंक: आपका खाता आज रात ब्लॉक हो जाएगा। केवाईसी पूरी करने के लिए 6486236377 पर कॉल करें या kotak-support.cc पर जाएँ।,1,hi,scam,kyc_fraud
Your PhonePe wallet needs KYC update to continue using services. Verify at phonepe-kyc-verify.xyz before 24 hours. Ignore if already updated.,1,en,scam,phishing_generic
"Airtel: Your parcel is on hold due to incomplete address. Pay Rs.1,999 redelivery fee at airtel-support.online/update. Tracking AMZ720479",1,en,scam,fake_delivery
India Post: Your parcel is on hold due to incomplete address. Pay Rs.199 redelivery fee at indiapost-rewards.xyz. Tracking FK828068,1,en,scam,fake_delivery
"प्रिय कविता जी, आपके एक्सिस बैंक खाते में ₹2,999 का कैशबैक है! दावा करने के लिए यहां क्लिक करें: axis-cashback.xyz. ऑफर सीमित समय के लिए।",1,hi,scam,phishing_generic
URGENT! Your HDFC account has a suspicious transaction of ₹5000. Verify immediately at hdfc-rewards.top to prevent blocking. - HDFC Bank,1,en,scam,impersonation
Important: Your ICICI Bank account needs immediate KYC update. Visit icici-verify-now.info to verify or a/c will be blocked.,1,en,scam,impersonation
Flipkart: Big sale! 60% तक की छूट। Shop करें: flipkart.com/sale,0,mix,promo,
"Namaste Vinod ji, hum aapko ghar se kam karne ka mauka dete hain. Har task ke liye ₹120 earn karein. Telegram channel join karein: t.me/earn-money-online-now",1,hgl,scam,job_scam
"E-challan Rs.12,000 pending hai. APK install karein: claim-prize-secure.cc/app.apk",1,hgl,scam,apk_malware
"नमस्ते सीमा जी, आपका पार्सल क्रमांक DL123456789 मुंबई से रवाना हो गया है। अनुमानित डिलीवरी तिथि 26 मई है। अपडेट के लिए: https://delhivery.com/track/DL123456789",0,hi,delivery,
"Aapke a/c no. XX4567 se ₹2,999 ka loan approve hua. Disbursement ke liye is link par click karein: hdfc-rewards.top. Reference no. L00789",1,hgl,scam,loan_app
"EPFO: Dear Rajesh Kumar, your UAN KYC is updated with bank a/c XX5678. For any queries, visit epfindia.gov.in. Thank you.",0,en,govt,
"SBI: Your reward points expire today. Install the SBI Rewards app from sbi-portal.info/app.apk to redeem Rs.1,999.",1,en,scam,apk_malware
"Rahul, apne a/c 1234567890 se Rs.2,500.00 transfer kar diye hain. Check kar lena. -Vikram",0,hgl,personal,
"Congratulation! Aapko IDFC First Bank lucky draw mein ₹16,00,000 jeetne ka mauka hai. Claim karne ke liye: idfc-rewards.top",1,hgl,scam,lottery_prize
Google: aapka OTP 918720 hai. Ise kisi ke saath share na karein. 10 minute mein expire hoga.,0,hgl,otp,
"प्रिय रोहन, सिर्फ़ ₹7,500 निवेश करें और हर हफ्ते 20% रिटर्न पाएँ। वीआईपी ग्रुप: earnmoney-kycverify.vip",1,hi,scam,investment_scam
"नमस्ते, Zomato पर ऑर्डर करें और पहले ऑर्डर पर ₹100 का डिस्काउंट पाएं। कोड: FIRST100। https://zomato.com पर ऑर्डर करें।",0,hi,promo,
"Dear Lakshmi, your UPI transaction of ₹4,500 to Rohan is on hold. Confirm details at sbi-kycverify.xyz or your account will be suspended.",1,en,scam,upi_fraud
ब्लू डार्ट: आपका शिपमेंट (BD12345678) मुंबई में प्राप्त हुआ है और आगे की प्रक्रिया के लिए भेज दिया गया है। ट्रैकिंग: https://bluedart.com/track/BD12345678,0,hi,delivery,
"Congratulation! Aapka KBC lottery Rs.25,00,000 jeet gaya hai. Processing ke liye Rs.12,500 submit karein: paytm-kbcwin.xyz",1,hgl,scam,lottery_prize
"Congratulations Manoj! You won Rs.5,00,000 in the Paytm lucky draw. Pay processing fee Rs.4,999 to claim: paytm-verify.icu/verify",1,en,scam,lottery_prize
"नमस्ते, आपका पंजाब नेशनल बैंक खाता अस्थायी रूप से ब्लॉक कर दिया गया है। कृपया अपने खाते को पुनः सक्रिय करने के लिए इस लिंक पर अपनी जानकारी अपडेट करें: pnb-verify.xyz – नीता",1,hi,scam,kyc_fraud
सीबीआई नोटिस: आपका आधार एक आपराधिक मामले से जुड़ा है। bit.ly/3mpulo पर सत्यापित करें अन्यथा गिरफ्तारी वारंट जारी होगा।,1,hi,scam,digital_arrest
"A/c XX7890 me Rs. 12,500.00 kharch kiye gaye. Transaction details: Amazon.in, Order ID 456789. Agar aapne yeh transaction nahi kiya toh jaldi se SBI customer care pe report karein.",0,hgl,banking,
"Congratulations! You've won ₹25,00,000 in the KBC Diwali lottery! Ref ID: KBC2024-789. Claim online: bit.ly/kbcprizeclaim now. Processing fee ₹999 only.",1,en,scam,lottery_prize
"प्रिय रवि, Amazon पर आपका ऑर्डर (ID: ORD789012) संसाधित किया जा रहा है। कृपया OTP 135792 का उपयोग करके पुष्टि करें।",0,hi,otp,
Amazon: Aapke order (order ID: AMZN4567) ke liye OTP: 579132. Verify karne ke liye amazon.in par visit karein.,0,hgl,otp,
"Myntra: Exclusive offer for you, Rohan! Get ₹200 off on your first order. Use code MYN200. Shop now: https://myntra.com/newuser",0,en,promo,
"Dear Rajesh, SBI urgent notice! A/c blocked. Update bank app now from hdfc-rewards.top to verify KYC. Ignore = account permanent close.",1,mix,scam,apk_malware
Jio: unusual login detected. Secure your account now: shorturl.at/xm8q97,1,en,scam,phishing_generic
सीबीआई नोटिस: आपका आधार एक आपराधिक मामले से जुड़ा है। rewards-zone-refund.online पर सत्यापित करें अन्यथा गिरफ्तारी वारंट जारी होगा।,1,hi,scam,digital_arrest
"Hi Sunil, we are hiring for data entry operator with salary ₹12000. Apply now via WhatsApp: +918888777666. Send your Aadhar card and PAN card details for verification.",1,en,scam,job_scam
Aapka Delhivery account suspicious activity ki wajah se lock ho gaya hai. Verify karein: delhivery-portal.club,1,hgl,scam,phishing_generic
"Congratulations मनोज! आपने ₹18,00,000 का prize जीता है। Claim के लिए ₹4,999 fee भरें: https://parcel-alert.cc",1,mix,scam,lottery_prize
"Flipkart: Hi Rajesh, your order (FK123456) will be delivered today by 1 PM. Please keep a mobile phone handy for OTP verification. https://www.flipkart.com/delivery/status/FK123456",0,en,delivery,
"Your SBI reward points are expiring! Claim ₹5,500 cashback now: sbi-rewardpoints.xyz/claim?ref=XYZ123. Limited time offer!",1,mix,scam,upi_fraud
"Hi Rajeev, urgent opening for data entry work from home! Earn ₹8000/month. Click here to join our WhatsApp group & start today: bit.ly/workathome234",1,en,scam,job_scam
Congratulations! DTDC ka Rs.499 cashback mila hai. UPI PIN daal kar claim karein: tinyurl.com/7rliom,1,hgl,scam,refund_cashback
"Axis Bank: Aapka credit card limit ₹50,000.00 hai. ₹45,000.00 available. For details visit axisbank.com",0,hgl,banking,
"प्रिय रवि जी, आपके एक्सिस बैंक खाते में एक नया डेबिट कार्ड अनुरोध किया गया है। पुष्टि के लिए यहां क्लिक करें: axis-verify.xyz/confirm",1,hi,scam,phishing_generic
"Congratulations Sunita! You won Rs.30,00,000 in the Airtel lucky draw. Pay processing fee Rs.15,000 to claim: airtel-kycverify.info/update",1,en,scam,lottery_prize
Income Tax Dept: PAN verification successful. Your updated details are now reflected in our records. Visit incometax.gov.in for more info.,0,en,govt,
"Madam, aapka ₹12,000 loan overdue hai. Payment karne ke liye niche diye gaye link par click karein, warna a/c block ho jayega: punjab-loan.top",1,hgl,scam,loan_app
EPFO: आपके UAN खाते में KYC विवरण अपडेट करने का अनुरोध किया गया है। अधिक जानकारी के लिए: epfindia.gov.in/kyc,0,hi,govt,
सूचना: आपके कोटक महिंद्रा बैंक खाते का केवाईसी सत्यापन आवश्यक है। लिंक: kotak-kyc.top। देर करने पर सेवाएँ बंद।,1,hi,scam,kyc_fraud
नमस्ते! आपका DHL पार्सल (संदर्भ: DHL890123) डिलीवरी के लिए ₹180 का शुल्क आवश्यक है। भुगतान करने के लिए यहां क्लिक करें: dhl-payment.xyz/verify,1,hi,scam,fake_delivery
आईडीएफसी फर्स्ट बैंक: आपका खाता आज रात ब्लॉक हो जाएगा। केवाईसी पूरी करने के लिए 044-79706752 पर कॉल करें या idfc-claim.cc/claim पर जाएँ।,1,hi,scam,kyc_fraud
"Vikram, the plumber will be there between 2-3pm today to fix the leak. He said it will cost around Rs.800. - Raju",0,en,personal,
"प्रिय, मैं मुंबई में फंसा हुआ हूँ, मेरा पर्स चोरी हो गया है। कृपया ₹4,000 तत्काल भेजें। - राजेश",1,hi,scam,impersonation
"Airtel DTH: Dear Sonu, aapka ₹350 ka bill due hai. Pay by 15/03 to continue services. Visit airtelxstream.com/billpay or call 121.",0,hgl,bill_utility,
Paytm: Your OTP is 246813 to complete your ₹500 transfer to Priya Sharma. Never share your OTP with anyone.,0,mix,otp,
"प्रिय पूजा जी, आपके एक्सिस बैंक खाते की केवाईसी अधूरी है। तुरंत अपडेट करें: tinyurl.com/fhoavr अन्यथा खाता बंद कर दिया जाएगा।",1,hi,scam,kyc_fraud
CBI notice: aapka Aadhaar ek criminal case se linked hai. Turant 6961140426 par sampark karein.,1,hgl,scam,digital_arrest
"Dear Rekha, aapko Airtel Lucky Draw mein ₹16,00,000 jeete hain. Processing ke liye ₹799 pay karein http://airtel-prize.top",1,hgl,scam,lottery_prize
"ICICI Bank alert: ₹7,850.00 debit ho gaya hai a/c XX9876 se. Balance ₹2,345.67. Agar koi galat transaction hai toh is number par call na karein!",0,hgl,banking,
Swiggy: Order now & get ₹100 off on your first food delivery! Use code NEWFOOD. Download the app: swiggy.com/app,0,en,promo,
Important: Your electricity bill payment failed. Disconnection will happen tonight. Contact Officer Singh on 6302917485 to resolve.,1,en,scam,utility_scam
"Dear Lakshmi, we have an urgent opening for packaging work from home. Earn upto ₹600 daily! Limited seats. WhatsApp us at 9336677889 for details.",1,en,scam,job_scam
"प्रिय ग्राहक, एयरटेल पेमेंट्स बैंक से ₹100 का कैशबैक आपके खाते में जमा किया गया है। अधिक जानकारी के लिए ऐप देखें।",0,hi,promo,
"Important: Your Aadhaar details were found linked to a suspicious case in Kolkata. To avoid legal action, verify your identity at aadhar-security.top within 24 hours.",1,en,scam,digital_arrest
"Dear Priya, your PNB loan EMI of ₹8,000.00 has been successfully paid for the month of October. Thank you.",0,mix,banking,
"Rajesh, just confirming our appointment tomorrow at 11 am at the clinic. Dr. Sharma.",0,en,personal,
Delhivery: Your shipment with tracking ID 123456789 is scheduled for delivery today. Please ensure someone is available.  Visit delhivery.com for details.,0,mix,delivery,
गैस कनेक्शन आज बंद हो जाएगा। भुगतान के लिए 8213450235 पर संपर्क करें।,1,hi,scam,utility_scam
"प्रिय रीना जी, आपका पार्सल डिलीवरी के लिए तैयार है, लेकिन ₹150 का शुल्क बकाया है। भुगतान करने के लिए [fake-courier.info](https://fake-courier.info) पर क्लिक करें।",1,hi,scam,impersonation
"Congratulations, Priya! You have won Rs. 10,000 in the Idea Lottery. Pay Rs. 999 as insurance for prize delivery to a/c 8765432109, Punjab National Bank. Reference no: IL2024.",1,en,scam,lottery_prize
"रोहन, Work from home job! रोज़ ₹3,500 कमाएँ। Telegram join करें: t.me/jobsindia69",1,mix,scam,job_scam
"Kya aapke paise doob rahe hain? Deepak ji, humare premium trading group mein shamil hon aur expert guidance se kamayein. Rs.2999 ki mahina vartik. Join karein: trading-experts.top/signup",1,hgl,scam,investment_scam
"Namaste Rajesh ji, apna application SmartWork India mein accept ho gaya hai. Ab aap home se kaam karke ₹3500/din earn kar sakte hain. Details ke liye Telegram join karein: t.me/smartworkindia99",1,hgl,scam,job_scam
"Indane Gas: प्रिय संजय, आपका ₹2,500 का बिल 16/11/2026 तक देय है। भुगतान: indane.co.in/pay",0,hi,bill_utility,
"Aapki private video hamare paas hai. Rs.2,500 9320469769 par bhejein warna contacts ko bhej denge.",1,hgl,scam,sextortion_threat
"प्रिय दीपा, ज़ेप्टो पर किराने का सामान खरीदें और ₹100 का इंस्टेंट डिस्काउंट पाएं! न्यूनतम ऑर्डर ₹300।",0,hi,promo,
"लक्ष्मी, कल शाम 11 बजे मिलते हैं। भूलना मत।",0,hi,personal,
URGENT! Your electricity will be disconnected tonight. Please call Officer Gupta on 8299988776 immediately to resolve. Account ID: AB1234.,1,en,scam,utility_scam
"URGENT ALERT! ₹6,700 cashback approved for your Axis Bank card. Confirm your details here: axis-rewards.top/verify-cashback. Now!",1,mix,scam,refund_cashback
"URGENT! CBI notice issued against Rohan Verma, linked to a drug trafficking case in Mumbai. Aadhaar linked. Verify immediately or face arrest. Visit: cbi-verify.top/arrest",1,en,scam,digital_arrest
TRAI अलर्ट: आपके मोबाइल नंबर पर एक सिम बॉक्स फ्रॉड की शिकायत मिली है। इसे रोकने के लिए तुरंत 9988776655 पर OTP भेजें।,1,hi,scam,digital_arrest
"Flipkart: Huge sale on electronics! Priya Patel, enjoy up to 60% off on smartphones, laptops & more. Shop now: flipkart.com/bigsale",0,en,promo,
"Congratulation! You've won Rs. 4,500.00 in KBC Lucky Draw! Claim now at bit.ly/kbcluckywin. Processing fee of ₹499 required.",1,en,scam,lottery_prize
नमस्ते! मायंत्रा से: फैशन पर 60% तक की छूट! अभी खरीदें और पाएं शानदार डील्स। https://myntr.co/3uW8pX,0,hi,promo,
"Hi Sunita, aapko PhonePe ₹2,750 refund milega. Verify karne ke liye collect request accept karein.",1,hgl,scam,refund_cashback
"Sir, SBI a/c XX9350 band hone wala hai. KYC update karne ke liye link par click karein: sbi-support.info",1,hgl,scam,kyc_fraud
Myntra: Big Fashion Fest! Upto 70% + extra 10% off on your first order. Use code FASHION10 at checkout: myntra.com/fest,0,en,promo,
"Beta, main Priya bol raha hoon, naya number hai. Abhi Rs.1,999 ki zaroorat hai, 022-34675913 par Paytm karo.",1,hgl,scam,impersonation
Myntra: आपका पार्सल TXN825553 भेज दिया गया है। अनुमानित डिलीवरी 23/10/2026। ट्रैक: myntra.com/track/txn825553,0,hi,delivery,
"Dear Rajesh, aapke SBI a/c se ₹4,500 ka payment fail hogaya hai. Update karne ke liye niche diye gaye link par click karein: sbi-kycverify.xyz/update",1,hgl,scam,apk_malware
"प्रिय गीता, एचडीएफसी बैंक से सूचित किया जाता है कि आपके खाते में केवाईसी अधूरा है। कृपया इसे तुरंत अपडेट करने के लिए यहां क्लिक करें: hdfc-rewards.top। यदि आप ऐसा नहीं करते हैं, तो आपका खाता निलंबित कर दिया जाएगा।",1,hi,scam,kyc_fraud
EPFO: aapki request DLV611848 process ho gayi hai. Status dekhein: epfindia.gov.in,0,hgl,govt,
"नमस्ते Rajesh Ji, aapke a/c se ₹4,500.00 ka ek transaction fail hogaya hai. Please is link पर verify karein: bit.ly/verify-payment ya call karein 022-61459012.",1,mix,scam,other_scam
"We have your private video. Pay Rs.1,499 to a/c 303879038348 or we will send it to your contacts. Call 7942705695.",1,en,scam,sextortion_threat
"Dear Rajesh, aapka CreditEase loan application reject ho gaya. Fir se apply karne ke liye, is app ko download karein: smartloan.xyz. Immediate action required.",1,hgl,scam,loan_app
"Lakshmi, sirf Rs.15,000 lagayein aur har hafte 20% return paayein. VIP group join karein: shorturl.at/70019c",1,hgl,scam,investment_scam
आपका SIM block हो जाएगा। Aadhaar update करें: parcel-kycverify.site/update,1,mix,scam,other_scam
"ICICI Bank: A/c XX4165 credited with Rs.2,999 on 05/12/2026. Avl bal Rs.22,594.",0,en,banking,
"प्रिय सीमा जी, आपका ओवरनाइट पार्सल डिलीवरी के लिए ₹199 का शुल्क भुगतान करें: overnight-pay.xyz। संदर्भ संख्या: ON1234",1,hi,scam,fake_delivery
Parcel held at warehouse. Confirm address & pay Rs.350: https://quickloan-rewards.online/claim,1,en,scam,fake_delivery
"Madam, aapka SBI card block ho gaya hai. Active karne ke liye is link par click karein: sbi-cardverify.xyz. OTP: 123456",1,hgl,scam,kyc_fraud
"Hello Rajesh, aap apne mobile se Rs.2,999 payment karke 'OnlineJob' mein register karein aur har din kamaye! Website: onlinjob.xyz",1,hgl,scam,job_scam
"Dear Priya, congrats! You are selected for a YouTube review job. Earn Rs.5,500 per week reviewing videos. Register now on reviewtask.net & start earning! Ref ID: RT789",1,en,scam,job_scam
"Alert! Your loan repayment is overdue by 7 days. ₹3,456.78 is due. Pay now at quick-loanpay.online or face penalty.",1,mix,scam,loan_app
"पापा, मेरा नंबर बदल गया है। फोन खो गया है, तुरंत ₹12,000 की ज़रूरत है। 8400430439 पर भेज दें।",1,hi,scam,impersonation
"Dear Rajesh, aapke SBI a/c se ₹4,500.00 ka transaction fail hua hai. Please is link par click karke details verify karein: sbi-kycverify.xyz/verify Aapse request hai jaldi response dein.",1,hgl,scam,phishing_generic
"Aapka Google Pay payment Rs.1,499 fail ho gaya. 10 min mein retry karein: gpay-update.xyz",1,hgl,scam,upi_fraud
"बधाई हो रवि जी! आपने ‘Jio लकी ड्रॉ’ में ₹25,00,000 जीते हैं। इनाम पाने के लिए ₹7,500 शुल्क जमा करें: jio-portal.live",1,hi,scam,lottery_prize
"Hi Suresh, Amazon reviews karne ke liye ₹4,000 per month earn karein. Zyada details ke liye is link par jayein: amzn-review.xyz aur apna aadhar card number submit karein.",1,mix,scam,job_scam
"Tata Power: Ravi, aapka bill Rs.5,500 10/11/2026 tak due hai. tatapower.com/pay par pay karein.",0,hgl,bill_utility,
Congratulations! You have won a Samsung phone. Pay a small processing fee of ₹999 via UPI to claim: tinyurl.com/samsunggift,1,en,scam,upi_fraud
URGENT: CBI notice issued against Rohan Verma. Aadhaar linked to illegal transaction in Mumbai. Verify immediately at cbi-clearance.xyz or face arrest. Ref No: CBIN2345,1,en,scam,digital_arrest
"Dear Priya Sharma, aapka Amazon account temporarily block ho gaya hai. Unblock karne ke liye: amazon-verify.xyz/unblock/urgent. Please verify immediately.",1,hgl,scam,phishing_generic
"Dear Pooja, invest Rs.499 in our crypto/stock group and earn 20% weekly returns. Join VIP: govt-notice-refund.cc/update",1,en,scam,investment_scam
"Mama ji, main train se aa raha hoon. Platform no. 5 par utarna. Mujhe pick up karne aana. Reach around 6:30 PM. Bata dena agar kuch problem hai.",0,mix,personal,
"Priya, Work from home job! रोज़ ₹1,499 कमाएँ। Telegram join करें: t.me/workfromhome69",1,mix,scam,job_scam
"URGENT! ₹1,200 credited to your a/c XX5678. This is a test transaction. If you didn't initiate, please reply with 'NO' immediately or funds will be reversed.",1,en,scam,upi_fraud
"प्रिय सुरेश, ₹10,000 का तत्काल ऋण स्वीकृत! ऐप डाउनलोड करें: cashnow.loanapp.top और 1 घंटे में पैसे प्राप्त करें।",1,hi,scam,loan_app
"Hey Vikash, are you still interested in the guitar I'm selling? Rs. 3,500. Let me know if you want to come see it.",0,en,personal,
"PM Kisan: Rs.2,999 installment pending. Complete e-KYC: rewards-zone-portal.club",1,en,scam,other_scam
"HDFC Bank: Your reward points expire today. Install the HDFC Bank Rewards app from hdfc-portal.site/app.apk to redeem Rs.7,500.",1,en,scam,apk_malware
"Airtel: Shanti Sharma, enjoy 1GB data pack for ₹99! Valid for 24 hours. Activate now by replying 'YES' to this message.",0,en,promo,
"प्रिय अरुण, सिर्फ़ ₹250 निवेश करें और हर हफ्ते 20% रिटर्न पाएँ। वीआईपी ग्रुप: quickloan-rewards.info",1,hi,scam,investment_scam
"Dear Rajesh Kumar, aapke SBI Credit Card se ₹7,899.50 ka payment kiya gaya. Transaction ID: SBX12345. Agar koi galat activity ho toh 040-23331234 par sampark karein.",0,hgl,banking,
"प्रिय कमला जी, आपके DTDC पार्सल (REF: DT54321) को अंतिम डिलीवरी के लिए ₹350 का भुगतान आवश्यक है। भुगतान करने के लिए यहाँ क्लिक करें: dtdc-updates.xyz/pay",1,hi,scam,fake_delivery
"Hlo! Aapka Paytm wallet verification pending hai. Rs. 4,500.00 transaction rok diya gaya hai. Update karne ke liye: paytm-verify.top Ref ID: PYT1234.",1,hgl,scam,kyc_fraud
"नमस्ते कविता जी, आपके लिए एक शानदार अवसर! घर बैठे टाइपिंग करके ₹2,500 प्रतिदिन कमाएं। तुरंत WhatsApp पर 7654321098 पर 'TYPE' लिखें।",1,hi,scam,job_scam
Aapke naam se ek parcel Kanpur se dispatch kiya gaya hai. Delivery ke liye Rs.199 pay karne ke liye yaha click kare: bit.ly/parcel-fee-kanpur,1,hgl,scam,fake_delivery
पुलिस अलर्ट: आपके नाम पर एक चोरी का मामला दर्ज है। तुरंत 8123456789 पर संपर्क करें।,1,hi,scam,digital_arrest
"Aapka Ekart payment Rs.1,999 fail ho gaya. 10 min mein retry karein: ekart-kyc.icu",1,hgl,scam,upi_fraud
"Important Notice: Your gas supply will be disconnected tonight due to non-payment. Please contact Mr. Verma on 8800123456 urgently. Ref no: G2345. ₹3,200 pending.",1,en,scam,utility_scam
"Kya aap ICICI Bank ke customer hain? Aapko ₹1,999 ka cashback milega. Claim karne ke liye, is link se ICICI Rewards app download karein: icici-rewardz.info/app",1,hgl,scam,apk_malware
"MAHAPWRCO: Dear Ms. Desai, your electricity bill of ₹3,200 is due by 17/11/2024. Avoid penalty, pay online: mahapower.co.in/bill.",0,en,bill_utility,
"Namaste Rahul ji, apne ₹3,000 invest karein aur har mahine ₹3,000 income paein! Limited offer. Register karein: money-growth.xyz",1,hgl,scam,investment_scam
"ICICI PruLife: Your premium of ₹7,800 for policy no. XYZ123456 is due on 25/07/2024. Pay now to keep your policy active: https://iciciprulife.com/pay",0,en,bill_utility,
Paytm: आपका OTP 123456 है। इसका उपयोग ₹500.00 के लेनदेन को पूरा करने के लिए करें। इसे गुप्त रखें।,0,hi,otp,
Main theek se pahunch gaya. Raat ko call karunga.,0,hgl,personal,
"Alert! Gas bill ₹2,700 pending hai. 1 ghante me connection cut ho jayega. Immediately call 9666555444.",1,hgl,scam,utility_scam
दिल्ली नगर निगम: आपके संपत्ति कर का भुगतान सफलतापूर्वक प्राप्त हुआ। रसीद संख्या: DLMC202412345। किसी भी पूछताछ के लिए 011-23456789 पर संपर्क करें।,0,hi,govt,
अलर्ट! आपके गैस खाते में कुछ समस्या है। तुरंत 9999888877 पर कॉल करें और अपनी जानकारी अपडेट करें वरना गैस आपूर्ति बंद कर दी जाएगी। - गैस विभाग,1,hi,scam,utility_scam
Your HDFC Bank account requires KYC update. Click here: hdfc-kycverify.top to avoid suspension. Last date: 24/07/2024,1,en,scam,impersonation
"MGL: Anita, aapka bill Rs.2,999 19/10/2026 tak due hai. mahanagargas.com/pay par pay karein.",0,hgl,bill_utility,
"SBI: a/c XX4595 mein Rs.12,000 credit hue. Balance Rs.60,367.",0,hgl,banking,
"Mr. Suresh, aapko Reliance Jio lucky draw mein ₹18,00,000 jeetne ka mauka mila hai. Prize claim karne ke liye ₹2,999 processing fee pay karein.",1,hgl,scam,lottery_prize
"प्रिय रवि जी, गलती से आपके UPI ID पर ₹1,500.00 भेज दिए गए हैं। कृपया वापस भेज दें।",1,hi,scam,upi_fraud
Aapka loan application reject ho gaya hai. Reason: insufficient documents. ₹500 bhar kar apne documents verify karein: hdfc-rewards.top/verify,1,hgl,scam,loan_app
URGENT: A parcel in your name at Hyderabad airport contains illegal items. Contact officer at 9978025201 to avoid arrest. Ref FK912275,1,en,scam,digital_arrest
"IRCTC: PNR 23456789 confirmed for train 12345 (Mumbai-Delhi). Seat: A3, Berth: Lower. E-ticket sent to email. For assistance, call 1800-200-2000.",0,en,govt,
Your Paytm Wallet requires KYC verification to continue transactions. Verify now at paytm-kycverify.xyz. OTP: 789012,1,en,scam,kyc_fraud
"नमस्ते, आपके खाते में ₹7,800.00 जमा हुए हैं। कृपया अपने खाते को सत्यापित करने के लिए [https://axis-verify.info] पर क्लिक करें।",1,hi,scam,upi_fraud
"Ravi, aapka Rs.4,500 ka loan approve ho gaya hai. App download karein: claim-prize-portal.top",1,hgl,scam,loan_app
नमस्ते! आपका अमेज़न ऑर्डर (OR123456789) दिल्ली के लिए प्रेषित किया गया है। डिलीवरी की स्थिति जानने के लिए: https://amazon.in/track/OR123456789,0,hi,delivery,
"Hi Amit, 'Online Task' me join karein aur har task ke ₹400 kamayein. WhatsApp group link: wa.link/onlinetasknow",1,hgl,scam,job_scam
"Dear Rohan, aapka Xpressbees parcel delivery ke liye Rs.350 ka payment required hai. Payment link: xpressbees-pay.xyz",1,hgl,scam,fake_delivery
"Geeta ji, galti se ₹499 आपके UPI पर चले गए। Please 6179954647 पर return कर दें।",1,mix,scam,upi_fraud
"Dear Rajeev, ₹12,500.00 debited from a/c XX1234 via UPI to Payee: Vijay Sharma. Ref No: 87654321. For queries, call 040-23456789 or visit sbi.co.in.",0,mix,banking,
"बैंक ऑफ़ बड़ौदा: आपके खाते XX9280 से ₹12,000 डेबिट हुए। संदर्भ FK397186। यदि आपने नहीं किया तो 1800-903-9940 पर कॉल करें।",0,hi,banking,
"Flipkart कैशबैक ₹5,500 स्वीकृत! इसे पाने के लिए अपना UPI पिन दर्ज करें: flipkart-portal.info",1,hi,scam,refund_cashback
"प्रिय विनय, Myntra ऑर्डर #MN12345 के लिए OTP: 369258। डिलीवरी की पुष्टि करें।",0,hi,otp,
"Hey Rahul, remember to pick up milk and bread on your way home. Thanks!",0,en,personal,
एसबीआई: आपका KYC pending है। 24 hrs में verify करें sbi-refund.top वरना a/c band।,1,mix,scam,kyc_fraud
"प्रिय सीता जी, आपके नाम पर ₹2,999 का भुगतान सफल हो गया है। विवरण देखने के लिए: hdfc-rewards.top/verify अब। रिफ़ नंबर: XYZ123",1,hi,scam,upi_fraud
"Bluedart: Your package with tracking no. 987654321 is scheduled for delivery tomorrow. For rescheduling, visit https://www.bluedart.com/rtn",0,en,delivery,
Amazon: Hi Rajesh! Enjoy up to 60% off on electronics this Diwali. Shop now at amazon.in/diwali and get free shipping on orders over ₹500.,0,en,promo,
Aapke Paytm wallet mein ₹500 ka cashback hai. Claim karne ke liye is link par click karein: paytm-cashback.xyz. Offer sirf aaj ke liye hai!,1,hgl,scam,impersonation
Aapka SpeedX parcel hold ho gaya hai. Delivery ke liye Rs.700 pay karne ke liye yahan click karein: spdx-release.xyz/pay. Tracking ID: SX12345.,1,hgl,scam,fake_delivery
Delhivery: Your consignment no. 123456789 is scheduled for delivery tomorrow. Please ensure someone is available. Visit delhivery.com for details.,0,en,delivery,
Airtel Thanks: Get 100GB data for just ₹599! Offer valid for limited time. Upgrade now: airtel.in/dataoffer,0,en,promo,
"Namaste Rajesh ji, hum 'Digital Work India' se. Aapke liye ghar se kaam karne ka mauka hai! Har task ke liye Rs.300-Rs.500 kamayein. WhatsApp join karein: bit.ly/workhome247",1,hgl,scam,job_scam
"Sir/Madam, urgent KYC update required for your SBI a/c. Failure to comply within 24hrs will result in account block. Update at sbi-verify.top immediately. – SBI Alerts",1,en,scam,kyc_fraud
Urgent! Your Axis Bank credit card has been compromised. Secure your account at axis-bank-verify.top within 24 hours. – Security Alert.,1,en,scam,phishing_generic
"Hi Ravi, just reminding you about the plumber appointment tomorrow between 2-4pm. He'll fix the kitchen sink. Cost est. ₹1,800. - Suresh",0,en,personal,
आपकी पार्सल डिलीवरी में देरी हो रही है। ₹650 का भुगतान करके पता सत्यापित करें: dtdc-verify.xyz/confirm,1,hi,scam,fake_delivery
"A/c XX7890 me Rs.12,500.00 kharch kiya gaya. Ref no. 87654321. Agar aapne nahi kiya, toh 9876543210 par call karein.",0,hgl,banking,
"तत्काल सूचना: आपके बिजली बिल में गड़बड़ी पाई गई है। तुरंत 6543210987 पर कॉल करें और अपनी जानकारी अपडेट करें। - विद्युत विभाग, चेन्नई।",1,hi,scam,utility_scam
"आईडीएफसी फर्स्ट बैंक: खाते XX1025 में ₹799 जमा हुए। उपलब्ध शेष ₹24,772।",0,hi,banking,
Congratulations! Blue Dart ka Rs.199 cashback mila hai. UPI PIN daal kar claim karein: https://bluedart-kycverify.site,1,hgl,scam,refund_cashback
"Beta, main Arun bol raha hoon, naya number hai. Abhi Rs.799 ki zaroorat hai, 033-40897304 par Paytm karo.",1,hgl,scam,impersonation
Amazon: aapka parcel REF27679 dispatch ho gaya hai. Delivery 02/11/2026 tak. Track: amazon.in/track/ref27679,0,hgl,delivery,
"कोटक महिंद्रा बैंक: खाते XX7822 में ₹350 जमा हुए। उपलब्ध शेष ₹14,162।",0,hi,banking,
"Dear Rajesh, aapke Paytm Wallet mein ₹4,500.00 ka transaction fail ho gaya hai. Please verify details immediately: https://paytm-verify-now.xyz/update-wallet",1,hgl,scam,phishing_generic
"Dear Rajesh Kumar, Your State Bank of Indiya a/c is temporarily suspended due to KYC update. Verify now: sbi-kycverify.xyz/update to avoid blocking.",1,en,scam,kyc_fraud
"Your Amazon order (order# 789012345) is out for delivery! Expected arrival: Today, 2-4 PM. Track here: amazon.in/track/xyz123. Contact 9876543210 for assistance.",0,en,delivery,
"प्रिय अंजली, आपका ₹35,000 का लोन स्वीकृत हुआ। ऐप इंस्टॉल करें और तुरंत सक्रिय करें: creditplus.loanfast.xyz।",1,hi,scam,loan_app
"Hi, yeh Rajeev Sharma se hai. Kal office mein urgent kaam hai, please prepare rahe.",0,hgl,personal,
"Amit, kal shaam 11 baje milna hai, bhoolna mat.",0,hgl,personal,
PM Kisan: Rs.250 installment pending. Complete e-KYC: govt-notice-update.cc,1,en,scam,other_scam
Your loan EMI is overdue. Pay Rs.999 immediately or face legal action: jobs-india-verify.xyz,1,en,scam,loan_app
महत्वपूर्ण: आपके बिजली बिल का अंतिम भुगतान तिथि समाप्त हो गई है। कृपया तुरंत 7890123456 पर संपर्क करें - ऊर्जा निगम,1,hi,scam,utility_scam
"Hi Priya, urgent opening for data entry work from home! Earn ₹800/day. Limited slots. WhatsApp 'START' to +918100012345 for details.",1,en,scam,job_scam
"Badhai ho! Aapke naam pe ₹30,00,000 ka prize aaya hai. Prize claim karne ke liye http://hdfc-rewards.top par registration karein.",1,hgl,scam,lottery_prize
"प्रिय सीमा, आपके बैंक ऑफ़ बड़ौदा खाते को तुरंत केवाईसी पूरा करने की आवश्यकता है, अन्यथा आपका खाता ब्लॉक कर दिया जाएगा। https://bob-kycverify.top",1,hi,scam,kyc_fraud
"नमस्ते राकेश जी, आपके बैंक ऑफ़ बड़ौदा खाते में एक संदिग्ध गतिविधि पाई गई है। तुरंत 7777777777 पर कॉल करके अपनी केवाईसी जानकारी सत्यापित करें।",1,hi,scam,kyc_fraud
"नमस्ते पंकज, आपका Snapdeal ऑर्डर (6789012345) रास्ते में है। डिलीवरी के लिए कृपया 9012345678 पर संपर्क करें। Snapdeal: snapdeal.com/track/6789",0,hi,delivery,
"Dear Rohan Verma, aapka Delhi Vidyut Board ka bill ₹2,999 overdue hai. Disconnection se bachein, aaj hi pay karein: dvidyut.gov.in/pay/ref456",0,hgl,bill_utility,
"Congratulations, Rajesh! You're pre-approved for a ₹50,000 loan from CreditFirst. Quick disbursal, minimal paperwork. Apply now: creditf-app.loan",1,en,scam,loan_app
"Geeta, aapke PNB a/c mein Rs.250 ka refund aaya hai. Verify karke receive karein: pnb-support.xyz",1,hgl,scam,refund_cashback
"Hello Lakshmi, earn extra income by rating apps! Rs.200/hr. Join our Telegram channel: telegram.me/appraterindia. Start earning today!",1,en,scam,job_scam
Alert! Your HDFC account requires urgent KYC verification. Update now via hdfc-rewards.top to avoid service disruption. Ref no: XYZ123. Ignore if already updated.,1,en,scam,kyc_fraud
"Dear Rajesh, aapka Bluedart parcel hold ho gaya hai. Release karne ke liye ₹250 payment karein: track-parcel.info/release?ref=BX456",1,hgl,scam,fake_delivery
"BESCOM alert: Mr. Suresh, aapke electricity bill ₹2,999 due hai. Last date 01 March. Pay now at bescom.co.in",0,hgl,bill_utility,
"Dear Suresh Ji, aapka Axis Bank a/c KYC incomplete hai. Jaldi se update karne ke liye is link par click karein: axis-kycverify.top/update",1,hgl,scam,kyc_fraud
"नमस्ते रवि, हमारे साथ YouTube वीडियो देखकर ₹2,000 प्रति दिन कमाएं! आसान काम और तुरंत भुगतान। अधिक जानकारी के लिए व्हाट्सएप पर संपर्क करें: +919876512345",1,hi,scam,job_scam
"प्रिय विकास, आपके Safexpress पार्सल को होल्ड किया गया है। कृपया ₹599 का भुगतान करें: safexpress-pay.xyz/release और इसे जारी करें।",1,hi,scam,fake_delivery
"Dear Priya, ICICI Bank se. Aapka internet banking access block ho gaya hai. Reactivate karne ke liye ye app download karein: icici-online.top/reactivate.apk",1,hgl,scam,apk_malware
Myntra: Hi Priya! Your order is scheduled for delivery tomorrow. You can track it here: https://www.myntra.com/orders/track?id=9876,0,en,delivery,
Ekart: आपके खाते में असामान्य लॉगिन मिला। अभी सुरक्षित करें: ekart-kycverify.club,1,hi,scam,phishing_generic
"Dear Sunita, your HDFC Bank account is flagged for incomplete KYC. Update now at hdfc-portal.net to avoid suspension.",1,en,scam,kyc_fraud
"नमस्ते सुमन जी, आपका कोटक महिंद्रा बैंक खाता अस्थायी रूप से अवरुद्ध है। केवाईसी अपडेट के लिए https://kotak-update.xyz पर जाएं।",1,hi,scam,kyc_fraud
DigiLocker: Documents successfully uploaded. Securely access at digilocker.gov.in. Ref ID: DLK987654321,0,en,govt,
"Ramesh bhai, kal market mein milenge, thik hai na? 4 baje.",0,hgl,personal,
Part time job! Har task ka Rs.199. Details ke liye 9110978111 par WhatsApp karein.,1,hgl,scam,job_scam
"Google Pay कैशबैक ₹15,000 स्वीकृत! इसे पाने के लिए अपना UPI पिन दर्ज करें: gpay-alert.live",1,hi,scam,refund_cashback
बैंक ऑफ़ बड़ौदा: ₹999 आपके खाते में जमा होंगे। राशि पाने के लिए bob-kyc.top पर कलेक्ट रिक्वेस्ट स्वीकार करें।,1,hi,scam,refund_cashback
Important: A parcel containing restricted goods has been found with your Aadhaar linked. CBI is investigating. Contact Inspector Verma at 9898123456 for immediate clarification.,1,en,scam,digital_arrest
"Congratulations, Suresh! You've won ₹5,555 in the Flipkart lucky draw. Pay Rs.250 as processing to get it transferred. Bank details: a/c XX987654 at Punjab National Bank.",1,en,scam,lottery_prize
"Namaste Suresh ji, aapko ₹1,899 ka refund milega. UPI PIN enter kre: sbi-kycverify.xyz/refund?id=4567. Time limit hai!",1,hgl,scam,refund_cashback
Alert! A package addressed to you in Jaipur contains illegal contents & your Aadhaar was used. Contact DSP Rathore at 9876543210 immediately to resolve.,1,en,scam,digital_arrest
URGENT: Police investigation regarding a suspicious package addressed to Suresh Nair in Chennai. Verify details at police-investigate.top or face arrest. Case ref: CN24-001,1,en,scam,digital_arrest
URGENT NOTICE: Police investigation reveals your Aadhaar linked to a fraudulent transaction in Chennai.  Respond at police-verification.xyz within 12 hrs. Case Ref: CHN-2024-001,1,en,scam,digital_arrest
महत्वपूर्ण सूचना: आपके नाम पर एक ड्रग्स तस्करी का मामला दर्ज किया गया है। 7788990011 पर तुरंत संपर्क करें।,1,hi,scam,digital_arrest
"Dear Kavita Devi, aapka Punjab National Bank a/c KYC update karne ki zaroorat hai, warna band ho jayega. Link: pnb-kycverify.xyz",1,hgl,scam,kyc_fraud
URGENT: Your electricity account is flagged for disconnection tonight. Please contact Officer Verma on 6677889900 immediately to update your a/c details.,1,en,scam,utility_scam
"Your loan EMI is overdue. Pay Rs.4,999 immediately or face legal action: https://claim-prize-kyc.vip",1,en,scam,loan_app
Aapke naam par Kolkata court se legal notice aaya hai. Isko ignore karne se aapki arrest ho sakti hai. Details check karne ke liye: kolkata-court.xyz,1,hgl,scam,digital_arrest
Airtel: Your OTP is 890478. किसी के साथ share न करें।,0,mix,otp,
"Sir, we have your personal pictures. Pay Rs. 1,999 to a/c 5678901234 to prevent public disclosure. Code: XYZ123. Act immediately!",1,en,scam,sextortion_threat
"श्री. देसाई, आपको 'स्टार प्लस' प्रतियोगिता में ₹8,50,000 का पुरस्कार मिला है। भुगतान के लिए कृपया अपनी a/c no. XX4567 और IFSC कोड भेजें।",1,hi,scam,lottery_prize
Delhi Court: An arrest warrant is issued for Sunil Kumar. Your Aadhaar details were found in a seized phone. Resolve this at kotak-legalverify.xyz within 24hrs.,1,en,scam,digital_arrest
"Aapke SBI a/c se ₹1,250 cashback approve ho gaya hai. Claim karne ke liye, niche diye gaye link par jaakar UPI PIN enter karein: sbi-rewardzone.xyz",1,hgl,scam,refund_cashback
"आपके खाते में ₹1,500 का रिफंड प्रोसेस किया गया है। रिफंड प्राप्त करने के लिए, कृपया https://refund-process-india.xyz पर क्लिक करें।",1,hi,scam,phishing_generic
बैंक ऑफ़ बड़ौदा: ₹599 आपके खाते में जमा होंगे। राशि पाने के लिए tinyurl.com/9bp7a2 पर कलेक्ट रिक्वेस्ट स्वीकार करें।,1,hi,scam,refund_cashback
Airtel Thanks: Enjoy 2GB data & unlimited calls for 28 days at just Rs.149! Recharge now: airtel.in/recharge,0,en,promo,
"डेटा एंट्री जॉब! प्रति सप्ताह ₹15,000। विवरण के लिए व्हाट्सएप करें: 8810902336",1,hi,scam,job_scam
DTDC: unusual login detected. Secure your account now: dtdc-kycverify.site,1,en,scam,phishing_generic
"Dear Suresh, A sum of ₹800 has been mistakenly transferred to your UPI ID. Kindly refund it to +919876543210. Transaction Ref: REF12345.",1,en,scam,upi_fraud
"प्रिय विकास, Paytm पर आपका लेन-देन सुरक्षित करने के लिए OTP 876543 है। कृपया इसे तुरंत दर्ज करें।",0,hi,otp,
"Sir/Madam, work from home job available. Data typing work, Rs. 6,000 per month. Training provided. WhatsApp us your a/c no. to 9999988888 for details.",1,mix,scam,job_scam
"HDFC Bank: Your credit card ending in 4567 has a new transaction of Rs.789.50 at Amazon.in. If not you, call 1800-266-2333.",0,mix,banking,
"आपके SBI खाते में ₹5,000 जमा हुए हैं! कृपया अपने खाते को सत्यापित करने के लिए sbi-kycverify.xyz पर क्लिक करें। संदर्भ संख्या: XYZ789",1,hi,scam,upi_fraud
"Dear Mr. Patel, your Flipkart order has been placed on hold due to incorrect address. Update details at flipkart-address.top to resume delivery. Order ID: FLP123",1,en,scam,phishing_generic
"Hi Sunil, just a reminder about our meeting tomorrow at 3pm in the conference room. Please come prepared.",0,en,personal,
"सुश्री राधिका, आप 'डायमंड लकी ड्रॉ' की विजेता हैं! ₹30,00,000 का पुरस्कार प्राप्त करने के लिए, कृपया https://diamondrewards.top पर अपनी जानकारी सत्यापित करें।",1,hi,scam,lottery_prize
Your Ekart account has been locked due to suspicious activity. Verify identity: ekart-support.online,1,en,scam,phishing_generic
"Hi Ankit, Can you please transfer Rs.2,500 to my Paytm no. 987654321X for the movie tickets? I'll return it tomorrow.",0,en,personal,
महत्वपूर्ण सूचना: आपके नाम पर दिल्ली कोर्ट से गिरफ्तारी वारंट जारी किया गया है। कृपया 24 घंटे के भीतर 9123456789 पर संपर्क करें। अधिक जानकारी के लिए: courtnotice.top/arrest,1,hi,scam,digital_arrest
"Rajesh, your loan is approved. OTP to verify: 123456. Download the app here: fastloan-app.top",1,en,scam,loan_app
"Hi Deepak, 'India Data Work' mein welcome! Har task ke liye Rs.250 earn karein. Aur jankari ke liye WhatsApp par message karein: +918888888888",1,hgl,scam,job_scam
"Jio: प्रिय कविता, आपका ₹15,000 का बिल 16/10/2026 तक देय है। भुगतान: jio.com/pay",0,hi,bill_utility,
"Dear Rohan, you have been selected for a lucky draw! Claim your prize of ₹5,000 at lucky-rewards.xyz. Last date: Today!",1,en,scam,phishing_generic
"PM Kisan ki kist Rs.2,500 pending hai. e-KYC poori karein: https://govt-notice-support.icu",1,hgl,scam,other_scam
"Namaste Rajesh ji, aapko StockGuru se inform kiya ja raha hai ki ₹2,500 ki investment se 7 din mein ₹7,500 ka profit hoga! Limited seats. Join VIP group: bit.ly/stockguru-vip",1,hgl,scam,investment_scam
"शुभकामनाएं! आपने 'बिग बाजार धमाका' में ₹12,00,000 जीता है। दावा करने के लिए, कृपया तत्काल ₹1,500 का शुल्क इस लिंक पर जमा करें: bigbazaar-offer.top",1,hi,scam,lottery_prize
AeroFin: आपका लोन आवेदन स्वीकृत हो गया है। कृपया इस OTP को दर्ज करें: 987654। सत्यापन के लिए aero-finance.co.in पर जाएं।,0,hi,otp,
Snapdeal: Your order (Rs. 650) will be delivered today. Kindly confirm your address: snapdeal.com/verify-address?order=12345. Call 9111222333 for support.,0,en,delivery,
"SUN TV DTH: Hi Ganesh, recharge pack expiring today. Rs.350 required to continue. Pay now: sun.tv/recharge. Account No: STV00123.",0,en,bill_utility,
"Dear Rajeev, aapke liye ₹50,000 ka pre-approved loan available hai. Apply karne ke liye is link par click karein: loan-apply.xyz. Jaldi karein, offer limited time ke liye hai!",1,hgl,scam,loan_app
"Sir/Madam, 'Part-Time Job' available hai. Daily 2 ghante kaam karein aur Rs.600 kamayein. WhatsApp par details ke liye contact karein: 9876543210",1,hgl,scam,job_scam
Amazon: बड़ी सेल! 50% तक की छूट। अभी खरीदें: amazon.in/sale। शर्तें लागू।,0,hi,promo,
"नमस्ते सुरेश जी, आपके खाते में ₹4,500 जमा हुए हैं। कृपया लाभार्थी का नाम और UPI ID सत्यापित करें: verify-sbi.xyz। यदि यह सही नहीं है, तो धन वापस लेने के लिए संपर्क करें।",1,hi,scam,upi_fraud
"अमित जी, यूट्यूब वीडियो लाइक करें और प्रति टास्क ₹250 कमाएँ। जुड़ें: wa.me/91053181",1,hi,scam,job_scam
"प्रिय विक्रम जी, आपके आईसीआईसीआई बैंक खाते की केवाईसी अधूरी है। तुरंत अपडेट करें: icici-portal.online अन्यथा खाता बंद कर दिया जाएगा।",1,hi,scam,kyc_fraud
"Dear Rajesh, your loan of Rs.350 is pre-approved. Download app and get funds in 10 mins: claim-prize-refund.vip",1,en,scam,loan_app
"Airtel: Dear Kavita, get 10GB data + unlimited calling for 28 days at Rs.99! Recharge now at airtel.in. Limited period offer!",0,en,promo,
India Post: aapka order #FK127171 aaj deliver hoga. Track karein: indiapost.gov.in/track/fk127171,0,hgl,delivery,
"SBI rewards points aaj expire honge. App download karein: sbi-refund.xyz/app.apk aur Rs.2,999 redeem karein.",1,hgl,scam,apk_malware
"Hey, maine clinic se appointment book ki hai, 15th July ko 10am. Dr. Sharma.",0,hgl,personal,
"Congratulations Kavita! You won Rs.25,00,000 in the Delhivery lucky draw. Pay processing fee Rs.199 to claim: delhivery-secure.cc",1,en,scam,lottery_prize
Amazon: आपके ऑर्डर की पुष्टि के लिए OTP 246813 है। डिलीवरी सुनिश्चित करने के लिए कृपया इसे दर्ज करें।,0,hi,otp,
Alert! Aapka SBI card block ho gaya hai. Reactivate karne ke liye is link par click karein: sbi-card-verify.xyz/reactivate,1,hgl,scam,kyc_fraud
"Dear Deepak, aapke liye ek exciting job opportunity hai. Daily Rs.500 earn karein task complete karke. Register karein: jobportal-verify.xyz",1,hgl,scam,job_scam
"Dear Priya, urgent KYC required for your IDFC First Bank account XX3456. Click here: idfc-kyc-verify.net before 5 PM today!",1,en,scam,kyc_fraud
"Dear Meena Devi, aapka LIC policy lapse hone wala hai. KYC update karne ke liye: lic-kycupdate.xyz/update-kyc. Last date 24 Nov.",1,hgl,scam,phishing_generic
"Badhai ho Arun! Aapne Paytm lucky draw mein Rs.30,00,000 jeete hain. Processing fee Rs.1,499 bharne ke liye: paytm-kycverify.live",1,hgl,scam,lottery_prize
Alert! Your ICICI bank account needs urgent KYC verification. Failure to comply within 24hrs will result in account block. Update here: icici-verify.com. Helpdesk: 7890123456,1,en,scam,kyc_fraud
URGENT: aapka Google Pay a/c block hone ka risk hai. KYC complete karne ke liye: googlepay-verify.top/kyc. Call 9876543210 for help.,1,hgl,scam,kyc_fraud
ICICI बैंक: आपके खाते में एक संदिग्ध लेनदेन हुआ है। तुरंत पुष्टि करने के लिए यहां क्लिक करें: icici-security.info. OTP: 123456,1,hi,scam,impersonation
"प्रिय रवि जी, आपका पार्सल आपके स्थानीय डाकघर में रखा गया है। ₹599 का शुल्क चुकाने के लिए https://indiapost-pay.xyz/ पर जाएं।",1,hi,scam,fake_delivery
"BESCOM: Dear Kumar, last date to pay your electricity bill of ₹1234.56 is 14/11/2023. Pay online at bescom.co.in to avoid disconnection.",0,mix,bill_utility,
"Hi Rajesh, Someone accidentally sent ₹4,800 to your UPI ID. Please transfer back to 7890123456@paytm. Urgent!",1,en,scam,upi_fraud
Swiggy: Use OTP 323760 to verify your order. Never share this code. -Swiggy,0,en,otp,
Alert! Your Paytm wallet KYC is incomplete. Please verify your details via paytm-kyc.com to continue using your wallet. OTP: 789456,1,en,scam,kyc_fraud
"Google Pay: आपका पार्सल अधूरे पते के कारण रुका हुआ है। ₹3,500 शुल्क जमा करें: gpay-secure.online",1,hi,scam,fake_delivery
"प्रिय सुनिता, आपका फ्लिपकार्ट ऑर्डर सफलतापूर्वक डिस्पैच कर दिया गया है। अनुमानित डिलीवरी तिथि 16 मार्च है। ट्रैक करें: https://www.flipkart.com/track/1234",0,hi,delivery,
"प्रिय अजय, आपके आईडीबीआई बैंक खाते को अपडेट करने की आवश्यकता है। कृपया इस नंबर पर कॉल करें: 8877665544",1,hi,scam,kyc_fraud
"Rajasthan Police: Jaipur se ek parcel aapke naam pe bheja gaya, jisme illegal goods mile. Arrest se bachne ke liye 8800991122 par call karein.",1,hgl,scam,digital_arrest
"Dear Suresh, aapko Amazon se ₹12,500 ka payment mila hai! Claim karne ke liye: hdfc-rewards.top/claim/54321. Jaldi karein!",1,hgl,scam,upi_fraud
"Namaste, aapke Amazon order par ₹1,500 refund process ho raha hai. Verify karne ke liye, is link par click karein aur UPI ID enter karein: amazon-refunds.top",1,hgl,scam,refund_cashback
"प्रिय लक्ष्मी, सिर्फ़ ₹199 निवेश करें और हर हफ्ते 20% रिटर्न पाएँ। वीआईपी ग्रुप: govt-notice-verify.net",1,hi,scam,investment_scam
"प्रिय कविता जी, आपके खाते से ₹3,500 का भुगतान किया गया है। यदि आपने यह लेनदेन नहीं किया है, तो कृपया तुरंत 1800-123-4567 पर संपर्क करें और sbi-verify.info पर जाएँ।",1,hi,scam,upi_fraud
"Amazon: Exclusive offer for you, Rajesh! Get 50% off on select mobile phones. Shop now: amazon.in/mobilesale",0,mix,promo,
"Hey, Shivani. Aaj raat 9 baje zoom meeting hai project ke liye. Link: zoom.us/j/1234567890",0,hgl,personal,
"Swiggy: Aapka order #SW123456789, Kolkata se Guwahati, delivery ke liye nikla hai. Expected time: 30 min. Track: https://swiggy.com/track/SW123456789",0,hgl,delivery,
Important: Your IDFC First Bank account linked to a/c XX9012 requires KYC compliance. Click idfc-kyc.xyz to avoid service termination.,1,en,scam,kyc_fraud
"प्रिय सुरेश, आपके आधार नंबर से एक अवैध सिम कार्ड खरीदा गया है। इसे रद्द करने के लिए 7777888999 पर संपर्क करें।",1,hi,scam,digital_arrest
"Part-time job offer: earn Rs.12,000 per task. WhatsApp 'START' to 7924169524 for details.",1,en,scam,job_scam
"प्रिय प्रकाश, तत्काल आवश्यकता - सोशल मीडिया मैनेजर! ₹15,000/महीना। आवेदन के लिए यहां क्लिक करें: jobs-india.xyz",1,hi,scam,job_scam
"प्रिय सीता जी, आपके ICICI बैंक के क्रेडिट कार्ड पर ₹5,000 का रिवॉर्ड पॉइंट है। इसे भुनाने के लिए इस लिंक पर क्लिक करें: https://icici-rewards.xyz",1,hi,scam,other_scam
"OTP for your Loan Approval: 789456. Do not share with anyone. Confirm within 15 mins to receive ₹75,000.",1,en,scam,loan_app
AeroFinance: OTP 864209 is sent to verify your loan application. Don’t share it with anyone. Visit aerofinance.co.in for further details.,0,mix,otp,
"आपका गैस बिल ₹2,999 बकाया है। आज रात कनेक्शन बंद कर दिया जाएगा। सहायता के लिए 7654321098 पर कॉल करें - मोहन, गैस विभाग",1,hi,scam,utility_scam
"Aapka bijli a/c XX4567 unpaid hai. ₹500 bharne ke liye +918123456789 par call karein, warna aaj hi band ho jayega.",1,hgl,scam,utility_scam
Your Delhivery order (Ref: DL123456789) is out for delivery in Mumbai. Estimated delivery: Today 2-5 PM. Track here: delhivery.com/track/DL123456789,0,en,delivery,
"Ms. Gupta, gold mein invest karein aur apne future ko secure karein. Limited period offer. Visit: https://gold-investments.xyz/gupta123",1,hgl,scam,investment_scam
"Dear Suresh, invest Rs.2,500 in our crypto/stock group and earn 20% weekly returns. Join VIP: tinyurl.com/f5v8ns",1,en,scam,investment_scam
"Aapka Paytm payment Rs.2,999 fail ho gaya. 10 min mein retry karein: paytm-alert.online",1,hgl,scam,upi_fraud
DigiLocker से: आपकी ड्राइविंग लाइसेंस की डिजिटल कॉपी अपलोड हो गई है। सुरक्षित रखें। अधिक जानकारी के लिए [https://digilocker.gov.in](https://digilocker.gov.in) देखें।,0,hi,govt,
आपका ₹499 का भुगतान विफल रहा। पुनः प्रयास करें: jobs-india-support.net,1,hi,scam,upi_fraud
"Ekart: आपका parcel hold पर है। ₹4,500 fee pay करें: ekart-claim.top",1,mix,scam,fake_delivery
"Hey Amma, just reached the station safely. Train was delayed by an hour due to signal issues. Will call you when I get to Uncle Ravi's place in Bangalore. Love you! 😊",0,en,personal,
"नमस्ते रमेश जी, आपके लिए घर बैठे काम का अवसर! प्रति टास्क ₹350 कमाएं। अधिक जानकारी के लिए व्हाट्सएप पर 9123456789 पर जुड़ें।",1,hi,scam,job_scam
"Dear Priya, aapke PNB account XX2233 se ₹10,000.00 transfer hue. Beneficiary: Rohan Sharma.  Call 0120-4444444 for queries.",0,hgl,banking,
नमस्ते प्रकाश! फ्लिपकार्ट बिग बचत सेल! 60% तक की छूट। अभी देखें: flpk.in/bigsale,0,hi,promo,
"प्रिय प्रकाश, आपका अमेज़न प्राइम डिलीवरी शेड्यूल किया गया है। डिलीवरी का समय: कल दोपहर 2-4 बजे। ट्रैक करें: amazon.in/yourorders",0,hi,delivery,
"Dear Priya, Congratulations! You've been selected for a YouTube channel review job. Earn ₹2,000 per video reviewed. Register now: youtubereview.top/register",1,en,scam,job_scam
"Dear Deepak, exciting opportunity to earn Rs. 4,500 weekly reviewing products. Visit hdfc-rewards.top/review and complete the signup. Limited time offer!",1,en,scam,job_scam
आपका आधार अपडेट सफलतापूर्वक किया गया। कृपया अपनी जानकारी की पुष्टि करें: uidai.gov.in/verify. संदर्भ संख्या: ABC123456789।,0,hi,govt,
"बैंक ऑफ़ बड़ौदा: आपके खाते XX1799 से ₹4,999 डेबिट हुए। संदर्भ TXN720450। यदि आपने नहीं किया तो 1800-726-9673 पर कॉल करें।",0,hi,banking,
"नमस्ते दिलीप, आपके यूको बेंक खाते को सत्यापित करने के लिए, कृपया निम्नलिखित OTP दर्ज करें: 123456 और https://uco-kycverify.xyz पर जाएं।",1,hi,scam,kyc_fraud
महत्वपूर्ण सूचना: आपके बिजली बिल का भुगतान नहीं किया गया है। आज रात आपकी बिजली कट जाएगी। तुरंत 9123456789 पर कॉल करें। - विद्युत विभाग,1,hi,scam,utility_scam
"प्रिय विकास जी, आपके नाम से भेजा गया पार्सल जयपुर में रुका हुआ है। ₹999 का भुगतान करके जारी रखें: parcel-track.xyz/verify",1,hi,scam,fake_delivery
"Papa, main kal shaam train se aa raha hun. Platform no. 5 par utarna. Tum please station aana.",0,hgl,personal,
"Alert! Your ICICI Bank UPI transaction of ₹1,500.00 is on hold. Verify details & release funds: icici-security.xyz/verify-now",1,en,scam,upi_fraud
"पंजाब नेशनल बैंक: खाते XX5617 में ₹199 जमा हुए। उपलब्ध शेष ₹87,391।",0,hi,banking,
"अलर्ट: आपके खाते से ₹12,000 कटे हैं। यदि आपने नहीं किया तो rewards-zone-refund.icu पर शिकायत करें।",1,hi,scam,upi_fraud
"Neha, don't forget to pick up milk and bread on your way home. Also, I need Rs.500 for the school fees.",0,en,personal,
"Blue Dart: Aapka consignment no. 123456789, Bangalore se dispatch ho chuka hai. Expected delivery date: 24 Nov. Track kare: bluedart.com/track/xyz",0,hgl,delivery,
"Dear Priya, aapka Axis Bank credit card bill ₹4,200 due hai. Last payment date 20/05/2024. Visit axisbank.co.in to pay.",0,hgl,banking,
"नमस्ते, आपके एक्सई पार्सल में देरी हो रही है। कृपया ₹1,200 का शुल्क भुगतान करें: xe-delivery.info. पार्सल नंबर: XE901",1,hi,scam,fake_delivery
"Namaste Suresh, Congratulations! You are eligible for a personal loan of ₹75,000. Click here to proceed: loan-applynow.info",1,en,scam,loan_app
India Post account lock हो गया है। Verify करें: indiapost-verify.xyz,1,mix,scam,phishing_generic
Ekart: Your order #REF123757 is out for delivery today. Track: ekartlogistics.com/track/ref123757,0,en,delivery,
"आपका ब्लूडार्ट शिपमेंट (AWB: 9876543210) आज सुबह वितरित किया जाएगा। डिलीवरी की पुष्टि के लिए, कृपया https://bluedart.com/track?awb=9876543210 पर ट्रैक करें।",0,hi,delivery,
"Hey Meena, kal party mein aana. Address: 123 Main Street, Delhi.",0,hgl,personal,
"Hi Priya, Your Tata Broadband bill of ₹999 is due on 16th May. Avoid disconnection by paying now at tata.co.in/billpay. Transaction ID: TB123456789.",0,en,bill_utility,
"Congratulations! You are selected for a data entry job. Earn Rs.5,000/week working from home. Register now on this Telegram channel: t.me/earn-easy-money-india. A/c: 1234567890, IFSC: XYZ0000001. Quick!",1,mix,scam,job_scam
"Dear Suresh, urgent! Your Paytm a/c linked to 98******** has been compromised. Update KYC at paytm-verify.xyz to prevent suspension.",1,en,scam,phishing_generic
"नमस्ते नवीन जी, आपके खाते से गलती से ₹2,500 ट्रांसफर हो गए हैं। कृपया तुरंत ₹2,500 UPI ID 89898989@airtel पर वापस भेजें। धन्यवाद।",1,hi,scam,upi_fraud
"Dear Rajesh Kumar, Your ICICI bank a/c XX4567 is temporarily suspended due to KYC update. Verify now at icici-kycupdate.xyz or call 022-67891234 to restore access. Ignore if already updated.",1,en,scam,kyc_fraud
"Google: OTP for signing in to your account is 776655. अगर आपने यह अनुरोध नहीं किया है, तो अनदेखा करें।",0,mix,otp,
कोटक महिंद्रा बैंक: आपका खाता आज रात ब्लॉक हो जाएगा। केवाईसी पूरी करने के लिए 9507176491 पर कॉल करें या kotak-kycverify.vip पर जाएँ।,1,hi,scam,kyc_fraud
"Dear Suresh, UPI transaction failed. ₹4,999 a/c XX1122 mein block ho gaye hain. Verify karne ke liye: https://upi-verify-now.xyz",1,hgl,scam,upi_fraud
